cycle,number,prefix,label,title,votes,own_votes,amendment_votes,first,last,final_outcome,final_result,href
43,1,B,B/1,A Nemzeti Választási Bizottság elnökének beszámolója a Nemzeti Választási Bizottságnak az országgyűlési képviselők 2026. április 12-én megtartott általános választásán végzett tevékenységéről,1,1,0,2026-05-09,2026-05-09,önálló indítvány elfogadva,Elfogadva,https://www.parlament.hu/web/guest/iromanyok_mobil?iromany=%7B%22id%22%3A%22092091db-92bb-48fc-b8f3-0a4c2335cadc%22%7D
43,2,B,B/2,A Nemzeti Választási Iroda elnökének beszámolója az országgyűlési képviselők 2026. április 12. napján megtartott általános választásával kapcsolatos állami feladatok megszervezéséről és lebonyolításáról,1,1,0,2026-05-09,2026-05-09,önálló indítvány elfogadva,Elfogadva,https://www.parlament.hu/web/guest/iromanyok_mobil?iromany=%7B%22id%22%3A%220891b0d9-7221-4333-86c2-a9288684e779%22%7D
43,3,S,S/3,Az Országgyűlés elnökének megválasztásáról,1,1,0,2026-05-09,2026-05-09,önálló indítvány elfogadva,Elfogadva,https://www.parlament.hu/web/guest/iromanyok_mobil?iromany=%7B%22id%22%3A%22dd5b2e45-0aa4-49c3-a149-7b468042fb1e%22%7D
43,4,S,S/4,Az Országgyűlés alelnökeinek és törvényalkotásért felelős alelnökének megválasztásáról,6,6,0,2026-05-09,2026-05-09,önálló indítvány elfogadva,Elfogadva,https://www.parlament.hu/web/guest/iromanyok_mobil?iromany=%7B%22id%22%3A%2232a53b17-98a8-482b-83ff-51183aa5b2ea%22%7D
43,5,S,S/5,Az Országgyűlés jegyzőinek megválasztásáról,14,14,0,2026-05-09,2026-05-09,önálló indítvány elfogadva,Elfogadva,https://www.parlament.hu/web/guest/iromanyok_mobil?iromany=%7B%22id%22%3A%226e22abaf-36d8-419b-8f88-fad7390d1e6d%22%7D
43,6,H,H/6,"Az Országgyűlés bizottságainak létrehozásáról, tagjainak és tisztségviselőinek megválasztásáról",2,2,0,2026-05-09,2026-05-09,önálló indítvány elfogadva,Elfogadva,https://www.parlament.hu/web/guest/iromanyok_mobil?iromany=%7B%22id%22%3A%2223f21d12-6e20-4779-bf3d-1c746d5548d2%22%7D
43,7,T,T/7,Magyarország minisztériumainak felsorolásáról,3,2,1,2026-05-09,2026-05-09,önálló indítvány elfogadva,Elfogadva,https://www.parlament.hu/web/guest/iromanyok_mobil?iromany=%7B%22id%22%3A%22ba27e812-72de-4356-b016-544523819585%22%7D
43,8,T,T/8,Az Ukrajna területén fennálló fegyveres konfliktusra tekintettel kihirdetett veszélyhelyzeti rendeletek törvényi szintre emeléséről,2,2,0,2026-05-09,2026-05-09,önálló indítvány elfogadva,Elfogadva,https://www.parlament.hu/web/guest/iromanyok_mobil?iromany=%7B%22id%22%3A%22e58df1b6-043b-4cd0-8981-bf8be6b046bf%22%7D
43,12,S,S/12,A miniszterelnök megválasztásáról,1,1,0,2026-05-09,2026-05-09,önálló indítvány elfogadva,Elfogadva,https://www.parlament.hu/web/guest/iromanyok_mobil?iromany=%7B%22id%22%3A%22aff0c46c-e305-4c64-8090-b31f46d2dbc4%22%7D
43,32,I,I/32,"Miért törölték el a Meta reklámadóját a Tisza és a Fidesz négyötödös paktumával, vitát sem engedve?",1,1,0,2026-05-26,2026-05-26,Országgyűlés az interpellációs választ elfogadta,Elfogadva,https://www.parlament.hu/web/guest/iromanyok_mobil?iromany=%7B%22id%22%3A%2210e71aa3-20d2-4c4d-ae7d-f284aa146c19%22%7D
43,34,I,I/34,Kártalanítják-e a Covid-károsultakat?,1,1,0,2026-06-01,2026-06-01,Országgyűlés az interpellációs választ elfogadta,Elfogadva,https://www.parlament.hu/web/guest/iromanyok_mobil?iromany=%7B%22id%22%3A%22c38e2c40-30d3-44fe-96aa-85a1e3f53224%22%7D
43,35,I,I/35,Mi a Kormány terve a Migrációs Paktum kapcsán?,1,1,0,2026-05-26,2026-05-26,Országgyűlés az interpellációs választ elfogadta,Elfogadva,https://www.parlament.hu/web/guest/iromanyok_mobil?iromany=%7B%22id%22%3A%222eea96f4-9805-4ae2-b047-e8f4f7a49558%22%7D
43,36,I,I/36,Az Európai Unió Bíróságának döntése után hogyan védi meg a kormány a magyar gyerekek és szülők érdekeit?,1,1,0,2026-05-26,2026-05-26,Országgyűlés az interpellációs választ elfogadta,Elfogadva,https://www.parlament.hu/web/guest/iromanyok_mobil?iromany=%7B%22id%22%3A%2264e86678-d4a7-49bf-b2bb-7e5f28a42582%22%7D
43,37,I,I/37,Milyen irányt vesz az oktatáspolitika?,1,1,0,2026-05-26,2026-05-26,Országgyűlés az interpellációs választ elfogadta,Elfogadva,https://www.parlament.hu/web/guest/iromanyok_mobil?iromany=%7B%22id%22%3A%22b43a9f64-0767-44f3-b981-838eda94c2f7%22%7D
43,39,I,I/39,"Továbbra is érvényben tartják-e, hogy a férfi és a nő biológiailag meghatározott?",1,1,0,2026-06-01,2026-06-01,Országgyűlés az interpellációs választ elfogadta,Elfogadva,https://www.parlament.hu/web/guest/iromanyok_mobil?iromany=%7B%22id%22%3A%22e084bca1-dadc-4c6d-87b2-f2f7584f43a5%22%7D
43,47,I,I/47,Miért tervezik a mindennapos testnevelés eltörlését?,1,1,0,2026-05-26,2026-05-26,Országgyűlés az interpellációs választ elfogadta,Elfogadva,https://www.parlament.hu/web/guest/iromanyok_mobil?iromany=%7B%22id%22%3A%22060d8f1c-c7ef-47b8-8cc8-e26a2807bb28%22%7D
43,49,I,I/49,Meddig volt őszinte a 480 forintos benzinár ígérete?,1,1,0,2026-05-26,2026-05-26,Országgyűlés az interpellációs választ elfogadta,Elfogadva,https://www.parlament.hu/web/guest/iromanyok_mobil?iromany=%7B%22id%22%3A%22095f1218-dae4-4524-a0cb-964324b25590%22%7D
43,50,I,I/50,Elfogadható-e a közjogi méltóságok fenyegetése és a személyre szabott jogalkotás?,1,1,0,2026-05-26,2026-05-26,Országgyűlés az interpellációs választ elfogadta,Elfogadva,https://www.parlament.hu/web/guest/iromanyok_mobil?iromany=%7B%22id%22%3A%222b52f3fb-d7d3-437f-9d51-d1f2ef52fb9d%22%7D
43,51,T,T/51,Magyarország Alaptörvényének tizenhatodik módosítása,2,1,1,2026-06-15,2026-06-15,önálló indítvány minősített többséget igénylő része elfogadva,Elfogadva,https://www.parlament.hu/web/guest/iromanyok_mobil?iromany=%7B%22id%22%3A%22bf4d53c4-01dc-4ff9-8b04-0f8029057cbc%22%7D
43,52,T,T/52,Egyes tisztességtelen fogyasztói szerződések jogkövetkezményeit rendező törvények felülvizsgálata érdekében az érintett folyamatban lévő eljárások kezeléséről,2,2,0,2026-06-08,2026-06-08,önálló indítvány elfogadva,Elfogadva,https://www.parlament.hu/web/guest/iromanyok_mobil?iromany=%7B%22id%22%3A%229c91608f-e5e9-4441-85b8-5f4b49fb4d2c%22%7D
43,53,T,T/53,Az Országgyűlés vizsgálóbizottságai munkájának hatékonyabbá tételéről,5,2,3,2026-06-23,2026-06-23,önálló indítvány egyszerű többséget igénylő része elfogadva,Elfogadva,https://www.parlament.hu/web/guest/iromanyok_mobil?iromany=%7B%22id%22%3A%2228646ed4-36b8-4b6e-865d-8b682da999e5%22%7D
43,54,H,H/54,A Végrehajtási Visszaéléseket Feltáró Vizsgálóbizottság felállításáról,3,1,2,2026-05-26,2026-05-26,önálló indítvány elfogadva,Elfogadva,https://www.parlament.hu/web/guest/iromanyok_mobil?iromany=%7B%22id%22%3A%2254f27782-5b7d-41ce-8778-10e1963f3a9e%22%7D
43,55,H,H/55,Az MNB Működésével Kapcsolatos Visszaéléseit Feltáró Vizsgálóbizottság felállításáról,2,1,1,2026-05-26,2026-05-26,önálló indítvány elfogadva,Elfogadva,https://www.parlament.hu/web/guest/iromanyok_mobil?iromany=%7B%22id%22%3A%22f0a974d2-5275-4013-ae86-52927462b73d%22%7D
43,56,H,H/56,A Spontán Privatizációt és a Közvagyon Elvesztését Feltáró Vizsgálóbizottság felállításáról,3,1,2,2026-05-26,2026-05-26,önálló indítvány elfogadva,Elfogadva,https://www.parlament.hu/web/guest/iromanyok_mobil?iromany=%7B%22id%22%3A%225fb362de-5ba4-4d9e-af8d-1930f848e221%22%7D
43,57,H,H/57,A Kegyelmi Botrány Felelőseit Feltáró Vizsgálóbizottság felállításáról,2,1,1,2026-05-26,2026-05-26,önálló indítvány elfogadva,Elfogadva,https://www.parlament.hu/web/guest/iromanyok_mobil?iromany=%7B%22id%22%3A%226e697dab-6ee7-43a4-945d-1bd81c814c69%22%7D
43,58,H,H/58,A Gyermekvédelem Rendszerszintű Válságát Feltáró Vizsgálóbizottság felállításáról,2,1,1,2026-05-26,2026-05-26,önálló indítvány elfogadva,Elfogadva,https://www.parlament.hu/web/guest/iromanyok_mobil?iromany=%7B%22id%22%3A%22b1d468ad-d850-46b7-acd3-808531c05ac6%22%7D
43,71,T,T/71,"Az Egyesült Nemzetek Diplomáciai Konferenciája által, a Nemzetközi Büntetőbíróság Rómában, 1998. július 17-én elfogadott Statútumának, és a Nemzetközi Büntetőbíróság kiváltságairól és mentességeiről szóló, New Yorkban, 2002. szeptember 10-én elfogadott Megállapodás felmondásának visszavonásáról",3,3,0,2026-05-26,2026-05-27,önálló indítvány elfogadva,Elfogadva,https://www.parlament.hu/web/guest/iromanyok_mobil?iromany=%7B%22id%22%3A%223ea1454a-068a-4451-8195-bb3ddfab923b%22%7D
43,83,S,S/83,"Az Országgyűlés bizottságainak létrehozásáról, tagjainak és tisztségviselőinek megválasztásáról szóló 17/2026. (V. 9.) OGY határozat módosításáról",1,1,0,2026-05-26,2026-05-26,önálló indítvány elfogadva,Elfogadva,https://www.parlament.hu/web/guest/iromanyok_mobil?iromany=%7B%22id%22%3A%228c0f5c0d-47f4-4ab5-85e0-2f5192a1a006%22%7D
43,84,H,H/84,Kocsis Máté országgyűlési képviselő mentelmi ügyében,1,1,0,2026-05-26,2026-05-26,mentelmi jog fenntartva,Elutasítva,https://www.parlament.hu/web/guest/iromanyok_mobil?iromany=%7B%22id%22%3A%229ba1a274-fee1-46be-93e3-b5eecafe05f1%22%7D
43,92,I,I/92,"Közeleg a mohácsi csata 500-dik évfordulója, hogyan kíván emlékezni a kormány a mohácsi hősökre?",1,1,0,2026-06-01,2026-06-01,Országgyűlés az interpellációs választ elfogadta,Elfogadva,https://www.parlament.hu/web/guest/iromanyok_mobil?iromany=%7B%22id%22%3A%22b404df5c-1395-4227-b292-6c6e18b98a17%22%7D
43,93,I,I/93,Üzenhetnek-e a magzati korú gyermekek?,1,1,0,2026-06-01,2026-06-01,Országgyűlés az interpellációs választ elfogadta,Elfogadva,https://www.parlament.hu/web/guest/iromanyok_mobil?iromany=%7B%22id%22%3A%22512150c8-22dc-4c2f-b4d5-ea9710d2c367%22%7D
43,94,I,I/94,Ki védi meg a szülők jogait a gyermekek szexuális nevelésében?,1,1,0,2026-06-01,2026-06-01,Országgyűlés az interpellációs választ elfogadta,Elfogadva,https://www.parlament.hu/web/guest/iromanyok_mobil?iromany=%7B%22id%22%3A%2295ca0ef1-03f3-46d6-9ca7-c92b58ca3df7%22%7D
43,95,I,I/95,Az elmúlt egy hónapban miért omlott össze a gabonapiac?,1,1,0,2026-06-01,2026-06-01,Országgyűlés az interpellációs választ elfogadta,Elfogadva,https://www.parlament.hu/web/guest/iromanyok_mobil?iromany=%7B%22id%22%3A%2259d5d10e-6ad9-41d6-8e0b-8446f4685021%22%7D
43,100,T,T/100,Az Országgyűlésről szóló 2012. évi XXXVI. törvény és az azzal összefüggő egyes törvények költségcsökkentéssel kapcsolatos módosításáról,5,5,0,2026-06-01,2026-06-08,önálló indítvány egyszerű többséget igénylő része elfogadva,Elfogadva,https://www.parlament.hu/web/guest/iromanyok_mobil?iromany=%7B%22id%22%3A%222edca884-7b7e-4be5-8e96-5e94e47d7781%22%7D
43,118,S,S/118,"Az Országgyűlés bizottságainak létrehozásáról, tagjainak és tisztségviselőinek megválasztásáról szóló 17/2026. (V. 9.) OGY határozat módosításáról",1,1,0,2026-06-01,2026-06-01,önálló indítvány elfogadva,Elfogadva,https://www.parlament.hu/web/guest/iromanyok_mobil?iromany=%7B%22id%22%3A%22031fb489-bfe2-4d98-b80a-54bd287929eb%22%7D
43,122,,122,"A gyűlöletkeltésre alkalmas politikai reklámok visszaszorításáról, a gazdasági reklámok településképi illeszkedésének biztosításáról, valamint egyes beruházási szabályok módosításáról",8,0,8,2026-06-23,2026-06-23,önálló indítvány egyszerű többséget igénylő része elfogadva,Elfogadva,
43,123,,123,A Szuverenitásvédelmi Hivatal megszüntetéséről,3,0,3,2026-06-30,2026-06-30,önálló indítvány egyszerű többséget igénylő része elfogadva,Elfogadva,
43,125,I,I/125,Kiállnak-e az ingatlanmaffia áldozataiért?,1,1,0,2026-06-08,2026-06-08,Országgyűlés az interpellációs választ elfogadta,Elfogadva,https://www.parlament.hu/web/guest/iromanyok_mobil?iromany=%7B%22id%22%3A%2272164aff-f958-4f9e-b464-24f89b0aa5a3%22%7D
43,126,I,I/126,Mit terveznek a magánegészségüggyel és az orvosbárókkal?,1,1,0,2026-06-08,2026-06-08,Országgyűlés az interpellációs választ elfogadta,Elfogadva,https://www.parlament.hu/web/guest/iromanyok_mobil?iromany=%7B%22id%22%3A%224261038b-a220-42e3-88b0-f2de3522088a%22%7D
43,127,I,I/127,Folytatódik-e a kétgyermekes anyák szja-mentességének kiterjesztése 2027-től az 50 év alattiak tekintetében?,1,1,0,2026-06-15,2026-06-15,Országgyűlés az interpellációs választ elfogadta,Elfogadva,https://www.parlament.hu/web/guest/iromanyok_mobil?iromany=%7B%22id%22%3A%22900fe5a4-0eca-481b-831c-2e68be8468c7%22%7D
43,128,I,I/128,Miért kerüli a témát?,1,1,0,2026-06-08,2026-06-08,Országgyűlés az interpellációs választ elfogadta,Elfogadva,https://www.parlament.hu/web/guest/iromanyok_mobil?iromany=%7B%22id%22%3A%22f79a24d8-8bc7-4399-b04b-27e6ed1b2e43%22%7D
43,131,I,I/131,Önök milyen számokat néznek?,1,1,0,2026-06-08,2026-06-08,Országgyűlés az interpellációs választ elfogadta,Elfogadva,https://www.parlament.hu/web/guest/iromanyok_mobil?iromany=%7B%22id%22%3A%226e3d5e31-e824-4305-b44d-44d1b09f934a%22%7D
43,132,I,I/132,Fontos Önöknek a gyermekek digitális eszközök káros hatásaitól történő megvédése?”,1,1,0,2026-06-08,2026-06-08,Országgyűlés az interpellációs választ elfogadta,Elfogadva,https://www.parlament.hu/web/guest/iromanyok_mobil?iromany=%7B%22id%22%3A%22c2846ae7-b435-4a2a-94a7-633fdaa168d2%22%7D
43,133,I,I/133,Két igen és két nem? A Tisza-kormány mit gondol az azonos neműek házasságáról?,1,1,0,2026-06-08,2026-06-08,Országgyűlés az interpellációs választ elfogadta,Elfogadva,https://www.parlament.hu/web/guest/iromanyok_mobil?iromany=%7B%22id%22%3A%2254d32a6b-9581-4d25-b4cb-a88372a43ecb%22%7D
43,150,S,S/150,Az MNB Működésével Kapcsolatos Visszaéléseit Feltáró Vizsgálóbizottság tagjainak és tisztségviselőinek megválasztásáról,1,1,0,2026-06-08,2026-06-08,önálló indítvány elfogadva,Elfogadva,https://www.parlament.hu/web/guest/iromanyok_mobil?iromany=%7B%22id%22%3A%225500d2c1-db0f-48a4-b29e-c5df1feaeab3%22%7D
43,151,S,S/151,A Spontán Privatizációt és a Közvagyon Elvesztését Feltáró Vizsgálóbizottság tagjainak és tisztségviselőinek megválasztásáról,1,1,0,2026-06-08,2026-06-08,önálló indítvány elfogadva,Elfogadva,https://www.parlament.hu/web/guest/iromanyok_mobil?iromany=%7B%22id%22%3A%22943920bd-ee5c-478c-9926-2b1a6fb46f8c%22%7D
43,152,S,S/152,A Kegyelmi Botrány Felelőseit Feltáró Vizsgálóbizottság tagjainak és tisztségviselőinek megválasztásáról,1,1,0,2026-06-08,2026-06-08,önálló indítvány elfogadva,Elfogadva,https://www.parlament.hu/web/guest/iromanyok_mobil?iromany=%7B%22id%22%3A%22a6157608-5247-4bd9-9d42-03f49dd70974%22%7D
43,153,S,S/153,A Gyermekvédelem Rendszerszintű Válságát Feltáró Vizsgálóbizottság tagjainak és tisztségviselőinek megválasztásáról,1,1,0,2026-06-08,2026-06-08,önálló indítvány elfogadva,Elfogadva,https://www.parlament.hu/web/guest/iromanyok_mobil?iromany=%7B%22id%22%3A%225f2dcec0-b15c-45f8-80c0-4ec60bd744d7%22%7D
43,168,T,T/168,A pedagógusok teljesítményértékelésének megújításához szükséges törvényi rendelkezésekről,1,1,0,2026-07-07,2026-07-07,önálló indítvány elfogadva,Elfogadva,https://www.parlament.hu/web/guest/iromanyok_mobil?iromany=%7B%22id%22%3A%221a59c253-2b96-4d79-b673-1ad6f8f1f072%22%7D
43,170,H,H/170,Az egyes házszabályi rendelkezésekről szóló 10/2014. (II. 24.) OGY határozat módosításáról,3,1,2,2026-06-15,2026-06-23,önálló indítvány minősített többséget igénylő része elfogadva,Elfogadva,https://www.parlament.hu/web/guest/iromanyok_mobil?iromany=%7B%22id%22%3A%224e87af05-6ece-429c-b115-17a8449d9b3e%22%7D
43,172,,172,"A Magyar Köztársaság Kormánya és a Szlovák Köztársaság Kormánya között a közös államhatárt keresztező szénhidrogén szállító vezetékek építésével, üzemeltetésével, fenntartásával, rekonstrukciójával és üzemzavar-elhárításával kapcsolatos együttműködésről szóló Megállapodás módosításáról szóló Jegyzőkönyv kihirdetéséről",2,0,2,2026-07-14,2026-07-14,önálló indítvány elfogadva,Elfogadva,
43,173,,173,Egyes pénzügyi szektort érintő törvények jogharmonizációs célú módosításáról,2,0,2,2026-07-07,2026-07-07,önálló indítvány elfogadva,Elfogadva,
43,174,T,T/174,Az európai uniós forrásokhoz való hozzáférés érdekében szükséges egyes törvények módosításáról,7,1,6,2026-06-16,2026-06-23,önálló indítvány egyszerű többséget igénylő része elfogadva,Elfogadva,https://www.parlament.hu/web/guest/iromanyok_mobil?iromany=%7B%22id%22%3A%22e96fbf08-86f7-4630-a742-ac27df16dd0f%22%7D
43,175,H,H/175,A Végrehajtási Visszaéléseket Feltáró Vizsgálóbizottság felállításáról szóló 22/2026. (V. 27.) OGY határozat módosításáról,1,1,0,2026-06-15,2026-06-15,önálló indítvány elfogadva,Elfogadva,https://www.parlament.hu/web/guest/iromanyok_mobil?iromany=%7B%22id%22%3A%225d22730f-3914-465e-a0d0-7ae21e390bc2%22%7D
43,176,I,I/176,"Egy anya üzenete, akinek gyermekét a szívhangrendelet megmentette",1,1,0,2026-06-15,2026-06-15,Országgyűlés az interpellációs választ elfogadta,Elfogadva,https://www.parlament.hu/web/guest/iromanyok_mobil?iromany=%7B%22id%22%3A%2258c8f413-11e7-413f-9ebf-de703ea20b40%22%7D
43,177,I,I/177,Segítik-e a válságba került gazdákat?,1,1,0,2026-06-29,2026-06-29,Országgyűlés az interpellációs választ elfogadta,Elfogadva,https://www.parlament.hu/web/guest/iromanyok_mobil?iromany=%7B%22id%22%3A%22b42621a3-822f-4a05-994f-de8d4797d5bd%22%7D
43,178,I,I/178,Teljesítik-e a szociális dolgozók kérését?,1,1,0,2026-07-06,2026-07-06,Országgyűlés az interpellációs választ elfogadta,Elfogadva,https://www.parlament.hu/web/guest/iromanyok_mobil?iromany=%7B%22id%22%3A%220275fad6-e191-44eb-a1df-b7cbd3a9f63a%22%7D
43,182,I,I/182,Mi lesz a Határtalanul Program jövője?,1,1,0,2026-06-15,2026-06-15,Országgyűlés az interpellációs választ elfogadta,Elfogadva,https://www.parlament.hu/web/guest/iromanyok_mobil?iromany=%7B%22id%22%3A%2204bbdceb-59ab-430f-b57d-1ff89357eb62%22%7D
43,183,I,I/183,Mi a Kormány terve a kormányhivatalokkal?,1,1,0,2026-06-15,2026-06-15,Országgyűlés az interpellációs választ elfogadta,Elfogadva,https://www.parlament.hu/web/guest/iromanyok_mobil?iromany=%7B%22id%22%3A%221a5d7bb9-2005-4cdd-b8e8-ff8f5c38b211%22%7D
43,184,I,I/184,Hozzáférhetővé teszi-e a kormány az abortusztablettát?,1,1,0,2026-06-22,2026-06-22,Országgyűlés az interpellációs választ elfogadta,Elfogadva,https://www.parlament.hu/web/guest/iromanyok_mobil?iromany=%7B%22id%22%3A%228bb70aac-1760-47c4-ac1e-9e7d370e78f4%22%7D
43,200,,200,"A médiaszolgáltatásokról és a tömegkommunikációról szóló 2010. évi CLXXXV. törvény, valamint más, kapcsolódó törvények módosításáról",5,0,5,2026-06-15,2026-06-23,önálló indítvány egyszerű többséget igénylő része elfogadva,Elfogadva,
43,206,S,S/206,A Végrehajtási Visszaéléseket Feltáró Vizsgálóbizottság tagjainak és tisztségviselőinek megválasztásáról,1,1,0,2026-06-15,2026-06-15,önálló indítvány elfogadva,Elfogadva,https://www.parlament.hu/web/guest/iromanyok_mobil?iromany=%7B%22id%22%3A%22750ad0d6-09bc-4f45-be0e-f12d14badc12%22%7D
43,210,S,S/210,"Az Országgyűlés bizottságainak létrehozásáról, tagjainak és tisztségviselőinek megválasztásáról szóló 17/2026. (V. 9.) OGY határozat módosításáról",1,1,0,2026-06-15,2026-06-15,önálló indítvány elfogadva,Elfogadva,https://www.parlament.hu/web/guest/iromanyok_mobil?iromany=%7B%22id%22%3A%22c951207a-1b95-4130-a493-b2aa292b60ac%22%7D
43,224,H,H/224,Toroczkai László országgyűlési képviselő mentelmi ügyében,1,1,0,2026-06-15,2026-06-15,mentelmi jog fenntartva,Elutasítva,https://www.parlament.hu/web/guest/iromanyok_mobil?iromany=%7B%22id%22%3A%226687a329-480a-491a-83bc-b423a2f434e6%22%7D
43,228,I,I/228,Mikor lesz átfogó reform a MÁV-nál?,1,1,0,2026-07-13,2026-07-13,Országgyűlés az interpellációs választ elfogadta,Elfogadva,https://www.parlament.hu/web/guest/iromanyok_mobil?iromany=%7B%22id%22%3A%227c67729d-219c-44ba-bfd0-439c8ab08d1b%22%7D
43,229,T,T/229,"Az egyes felsőoktatási, családügyi és kulturális tárgyú törvények módosításáról szóló 2024. évi LXXVI. törvény módosításáról",2,2,0,2026-06-22,2026-06-23,önálló indítvány elfogadva,Elfogadva,https://www.parlament.hu/web/guest/iromanyok_mobil?iromany=%7B%22id%22%3A%22db721d37-c87f-487b-8ed1-256cb188f2c3%22%7D
43,233,I,I/233,Miért nem vizsgálják felül a korrupciót szolgáló veszélyhelyzeti rendeleteket?,1,1,0,2026-06-29,2026-06-29,Országgyűlés az interpellációs választ elfogadta,Elfogadva,https://www.parlament.hu/web/guest/iromanyok_mobil?iromany=%7B%22id%22%3A%224101fbde-8d27-4d4a-9e06-ca8531ffcd37%22%7D
43,234,I,I/234,Mátészalka gyászba' van! A szülészet zárva van!,1,1,0,2026-06-22,2026-06-22,Országgyűlés az interpellációs választ elfogadta,Elfogadva,https://www.parlament.hu/web/guest/iromanyok_mobil?iromany=%7B%22id%22%3A%228a94289d-e974-4a79-b1b5-1580b532aa85%22%7D
43,237,I,I/237,Visszautasítja a kormány az Amnesty International és a Helsinki Bizottság követeléseit a migráció kapcsán?,1,1,0,2026-06-22,2026-06-22,Országgyűlés az interpellációs választ elfogadta,Elfogadva,https://www.parlament.hu/web/guest/iromanyok_mobil?iromany=%7B%22id%22%3A%2290a8224c-ecde-43bd-bfe4-2220d4b8ff4c%22%7D
43,238,I,I/238,Veszélyben a vidéki kórházak?,1,1,0,2026-06-22,2026-06-22,Országgyűlés az interpellációs választ elfogadta,Elfogadva,https://www.parlament.hu/web/guest/iromanyok_mobil?iromany=%7B%22id%22%3A%226edd6a29-fd42-4c4e-a2f0-214ab151f510%22%7D
43,239,I,I/239,A TISZA-kormány hajlandó-e megépíteni az alföldi oldalon is a 2x2 sávos utat?,1,1,0,2026-06-22,2026-06-22,Országgyűlés az interpellációs választ elfogadta,Elfogadva,https://www.parlament.hu/web/guest/iromanyok_mobil?iromany=%7B%22id%22%3A%22de772222-df8f-4a8e-bb61-6e72a518a715%22%7D
43,245,T,T/245,Az árak megállapításáról szóló 1990. évi LXXXVII. törvény és a behozott kőolaj és kőolajtermékek biztonsági készletezéséről szóló 2013. évi XXIII. törvény módosításáról,3,2,1,2026-06-22,2026-06-23,önálló indítvány elfogadva,Elfogadva,https://www.parlament.hu/web/guest/iromanyok_mobil?iromany=%7B%22id%22%3A%2271d97873-a189-4963-9e70-e05c737c974c%22%7D
43,253,T,T/253,A Magyarország helyi önkormányzatairól szóló 2011. évi CLXXXIX. törvénynek a polgármesteri és vármegyei közgyűlési elnöki javadalmazás korlátozásával összefüggő módosításáról,5,1,4,2026-06-22,2026-06-30,önálló indítvány egyszerű többséget igénylő része elfogadva,Elfogadva,https://www.parlament.hu/web/guest/iromanyok_mobil?iromany=%7B%22id%22%3A%225940ab35-d189-464b-b139-e08de5af324d%22%7D
43,271,H,H/271,Interparlamentáris Unió Magyar Nemzeti Csoportjának megalakításáról,2,2,0,2026-06-29,2026-06-30,önálló indítvány elfogadva,Elfogadva,https://www.parlament.hu/web/guest/iromanyok_mobil?iromany=%7B%22id%22%3A%22d8e98827-71ed-4887-b82e-f19d89987246%22%7D
43,272,,272,A kötelező egészségbiztosítás ellátásairól szóló 1997. évi LXXXIII. törvény módosításáról,3,0,3,2026-07-14,2026-07-14,önálló indítvány elfogadva,Elfogadva,
43,273,,273,Az egyes adókötelezettségekről és egyes adótörvények módosításáról szóló 2025. évi LIV. törvény módosításáról,3,0,3,2026-07-14,2026-07-14,önálló indítvány elfogadva,Elfogadva,
43,274,T,T/274,Az elmúlt rendszer titkosszolgálati tevékenységének feltárásáról és az Állambiztonsági Szolgálatok Történeti Levéltára létrehozásáról szóló 2003. évi III. törvény módosításáról,9,1,8,2026-06-29,2026-07-07,önálló indítvány egyszerű többséget igénylő része elfogadva,Elfogadva,https://www.parlament.hu/web/guest/iromanyok_mobil?iromany=%7B%22id%22%3A%225029ffbc-e9b6-4e6e-b1d3-d03fbf2567df%22%7D
43,275,I,I/275,Sürgősen javítanak-e a sürgősségi betegellátás helyzetén?,1,1,0,2026-07-06,2026-07-06,Országgyűlés az interpellációs választ elfogadta,Elfogadva,https://www.parlament.hu/web/guest/iromanyok_mobil?iromany=%7B%22id%22%3A%2285792df1-a4f6-44f5-a8cd-6742e6034011%22%7D
43,278,I,I/278,"A Kormány milyen konkrét intézkedéseket tervez annak érdekében, hogy Magyarország továbbra is megőrizze GMO-mentes mezőgazdasági stratégiáját?",1,1,0,2026-06-29,2026-06-29,Országgyűlés az interpellációs választ elfogadta,Elfogadva,https://www.parlament.hu/web/guest/iromanyok_mobil?iromany=%7B%22id%22%3A%22f09f2b21-6927-475d-8cf3-606027fbdc02%22%7D
43,279,I,I/279,Ez már a jobb közigazgatás?,1,1,0,2026-06-29,2026-06-29,Országgyűlés az interpellációs választ elfogadta,Elfogadva,https://www.parlament.hu/web/guest/iromanyok_mobil?iromany=%7B%22id%22%3A%22e93bc0e1-0568-4178-a2ca-72b06d9b41a3%22%7D
43,280,I,I/280,Ki védi meg a gyermekeket a politikától?,1,1,0,2026-06-29,2026-06-29,Országgyűlés az interpellációs választ elfogadta,Elfogadva,https://www.parlament.hu/web/guest/iromanyok_mobil?iromany=%7B%22id%22%3A%2206e1eadc-4097-447e-99e7-913d76463a75%22%7D
43,281,I,I/281,Meghallja a Tisza-kormány a Független Benzinkutak Szövetségének a kérését?,1,1,0,2026-07-06,2026-07-06,Országgyűlés az interpellációs választ elfogadta,Elfogadva,https://www.parlament.hu/web/guest/iromanyok_mobil?iromany=%7B%22id%22%3A%2228736d99-074f-4bb3-83af-cff2aee48765%22%7D
43,289,T,T/289,"A Magyar Fejlesztési Bank Részvénytársaságról szóló 2001. évi XX. törvény módosításáról, valamint a fővárosi önkormányzat csődjének elkerülését szolgáló hitel nyújtásáról szóló 2025. évi CXXXIV. törvény hatályon kívül helyezéséről",4,1,3,2026-06-29,2026-07-07,önálló indítvány egyszerű többséget igénylő része elfogadva,Elfogadva,https://www.parlament.hu/web/guest/iromanyok_mobil?iromany=%7B%22id%22%3A%22a03ae690-eab7-43e1-ab64-9519dfac2e96%22%7D
43,303,,303,A mezőgazdasági termelést érintő időjárási és más természeti kockázatok kezeléséről szóló 2011. évi CLXVIII. törvény módosításáról,2,0,2,2026-07-28,2026-07-28,önálló indítvány elfogadva,Elfogadva,
43,304,T,T/304,"A közösségi közlekedés versenyképességének és hatékonyságának javításával összefüggő intézkedések, valamint az országos közlekedésszervező és az országos gördülőállomány-kezelő társaság létrehozása érdekében szükséges törvénymódosításokról",4,1,3,2026-07-21,2026-07-28,önálló indítvány elfogadva,Elfogadva,https://www.parlament.hu/web/guest/iromanyok_mobil?iromany=%7B%22id%22%3A%22a807d914-174a-4aaa-b113-7c05a5e43f74%22%7D
43,305,T,T/305,A kriptoeszköz-átváltási szolgáltatást érintő egyes törvényi rendelkezések hatályon kívül helyezéséről,2,2,0,2026-07-28,2026-07-28,önálló indítvány egyszerű többséget igénylő része elfogadva,Elfogadva,https://www.parlament.hu/web/guest/iromanyok_mobil?iromany=%7B%22id%22%3A%227e655b58-7feb-43bf-92d2-590d3ce271b9%22%7D
43,308,I,I/308,"Mi lesz a jövője a megkezdett egyházi beruházásoknak, programoknak?",1,1,0,2026-07-20,2026-07-20,Országgyűlés az interpellációs választ elfogadta,Elfogadva,https://www.parlament.hu/web/guest/iromanyok_mobil?iromany=%7B%22id%22%3A%22274610f1-bbb2-4492-8380-d8b19475cb3a%22%7D
43,309,I,I/309,"Ki adja vissza a társasházban lakóknak, amit a Tisza-kormány elvett tőlük?",1,1,0,2026-07-06,2026-07-06,Országgyűlés az interpellációs választ elfogadta,Elfogadva,https://www.parlament.hu/web/guest/iromanyok_mobil?iromany=%7B%22id%22%3A%228a436029-974f-49cf-ba1f-80a96ebc2ba2%22%7D
43,312,I,I/312,Önkényuralom készül?,1,1,0,2026-07-06,2026-07-06,Országgyűlés az interpellációs választ elfogadta,Elfogadva,https://www.parlament.hu/web/guest/iromanyok_mobil?iromany=%7B%22id%22%3A%229022f80c-8f8e-47fd-b8e4-adf19fe80dff%22%7D
43,313,I,I/313,Válaszra várva: Ki védi meg a gyermekeket a politikától?,1,1,0,2026-07-06,2026-07-06,Országgyűlés az interpellációs választ elfogadta,Elfogadva,https://www.parlament.hu/web/guest/iromanyok_mobil?iromany=%7B%22id%22%3A%22254b32af-9539-4597-b112-56c81357cf46%22%7D
43,324,T,T/324,Magyarország Alaptörvényének tizenhetedik módosítása,6,1,5,2026-07-06,2026-07-13,önálló indítvány minősített többséget igénylő része elfogadva,Elfogadva,https://www.parlament.hu/web/guest/iromanyok_mobil?iromany=%7B%22id%22%3A%22309a7016-4932-469f-949d-49c03e457304%22%7D
43,338,I,I/338,A szakszervezetek számíthatnak-e valódi érdekegyeztetésre?,1,1,0,2026-07-13,2026-07-13,Országgyűlés az interpellációs választ elfogadta,Elfogadva,https://www.parlament.hu/web/guest/iromanyok_mobil?iromany=%7B%22id%22%3A%2210c1a143-f3de-41f5-913c-742ef870beff%22%7D
43,339,,339,Egyes egészségügyi adatkezelést érintő törvények módosításáról,2,0,2,2026-08-11,2026-08-11,önálló indítvány elfogadva,Elfogadva,
43,340,,340,A közneveléssel kapcsolatos egyes törvények módosításáról,3,0,3,2026-08-11,2026-08-11,önálló indítvány elfogadva,Elfogadva,
43,341,,341,Egyes törvényeknek a rendészeti feladatellátás racionalizálásával összefüggő módosításáról,4,0,4,2026-08-11,2026-08-11,önálló indítvány egyszerű többséget igénylő része elfogadva,Elfogadva,
43,343,I,I/343,Hogyan és mikor rendezik a NOKS-munkatársak bérét?,1,1,0,2026-07-13,2026-07-13,Országgyűlés az interpellációs választ elfogadta,Elfogadva,https://www.parlament.hu/web/guest/iromanyok_mobil?iromany=%7B%22id%22%3A%224c199e68-4834-48e7-8cc8-9c20dd303577%22%7D
43,357,T,T/357,A Nemzeti Vagyonvisszaszerzési és Vagyonvédelmi Hivatalról,7,1,6,2026-07-13,2026-07-28,önálló indítvány egyszerű többséget igénylő része elfogadva,Elfogadva,https://www.parlament.hu/web/guest/iromanyok_mobil?iromany=%7B%22id%22%3A%22eb4def45-e631-42f4-9d00-9593b917a661%22%7D
43,358,,358,A központi költségvetés címrendjének a Nemzeti Vagyonvisszaszerzési és Vagyonvédelmi Hivatallal összefüggő módosításáról,2,0,2,2026-08-11,2026-08-11,önálló indítvány elfogadva,Elfogadva,
43,359,T,T/359,Magyarország Helyreállítási és Ellenállóképességi Tervében szereplő energetikai tárgyú vállalások teljesítéséhez szükséges törvények módosításáról,3,1,2,2026-07-13,2026-07-28,önálló indítvány elfogadva,Elfogadva,https://www.parlament.hu/web/guest/iromanyok_mobil?iromany=%7B%22id%22%3A%2234aaf60b-79eb-4e04-ab6d-fd458f2df45c%22%7D
43,364,S,S/364,"Az Országgyűlés bizottságainak létrehozásáról, tagjainak és tisztségviselőinek megválasztásáról szóló 17/2026. (V. 9.) OGY határozat módosításáról",1,1,0,2026-07-13,2026-07-13,önálló indítvány elfogadva,Elfogadva,https://www.parlament.hu/web/guest/iromanyok_mobil?iromany=%7B%22id%22%3A%22dbd0154f-093b-4859-b5b4-9ad9696e8685%22%7D
43,366,T,T/366,A veszélyhelyzet megszűnésével összefüggő átmeneti szabályokról és a járványügyi készültségről szóló 2020. évi LVIII. törvény módosításáról,1,1,0,2026-08-11,2026-08-11,önálló indítvány elfogadva,Elfogadva,https://www.parlament.hu/web/guest/iromanyok_mobil?iromany=%7B%22id%22%3A%22798bf251-3214-4de3-9c0f-73a2f9a75414%22%7D
43,370,,370,"A Magyar Agrár-, Élelmiszergazdasági és Vidékfejlesztési Kamaráról szóló 2012. évi CXXVI. törvény módosításáról",2,0,2,2026-08-11,2026-08-11,önálló indítvány elfogadva,Elfogadva,
43,371,,371,A közpénzügyi reformokkal összefüggésben egyes államháztartási szabályok módosításáról,4,0,4,2026-08-11,2026-08-11,önálló indítvány egyszerű többséget igénylő része elfogadva,Elfogadva,
43,372,,372,A Magyarország 2026. évi központi költségvetéséről szóló 2025. évi LXIX. törvény módosításáról,2,0,2,2026-08-11,2026-08-11,önálló indítvány elfogadva,Elfogadva,
43,373,I,I/373,"Hajlandók-e a kötelező oltásokat uniós mintára választhatóvá tenni, miután Európa országainak többségében sincs egyetlen kötelező oltás sem?",1,1,0,2026-07-20,2026-07-20,Országgyűlés az interpellációs választ elfogadta,Elfogadva,https://www.parlament.hu/web/guest/iromanyok_mobil?iromany=%7B%22id%22%3A%228fdc824b-e947-46e7-a64b-09640bd77776%22%7D
43,374,I,I/374,Mikor és hogyan lesz működőképes kutatás-fejlesztési és innovációs ökoszisztéma Magyarországon?,1,1,0,2026-07-20,2026-07-20,Országgyűlés az interpellációs választ elfogadta,Elfogadva,https://www.parlament.hu/web/guest/iromanyok_mobil?iromany=%7B%22id%22%3A%2263967825-1ba1-4236-93e4-786dc19d8f92%22%7D
43,376,I,I/376,Mikor szólal meg végre?,1,1,0,2026-07-20,2026-07-20,Országgyűlés az interpellációs választ elfogadta,Elfogadva,https://www.parlament.hu/web/guest/iromanyok_mobil?iromany=%7B%22id%22%3A%22f83af045-980f-413d-8994-e25ee4535614%22%7D
43,385,T,T/385,Egyes törvényeknek az iskolakezdési támogatás bevezetésével összefüggő módosításáról,3,2,1,2026-07-20,2026-07-21,önálló indítvány elfogadva,Elfogadva,https://www.parlament.hu/web/guest/iromanyok_mobil?iromany=%7B%22id%22%3A%22d85f3d97-7757-45a9-a4ae-5ff5c01fde92%22%7D
43,386,S,S/386,Az Országgyűlés elnökének feladatait ellátó alelnök kijelöléséről,1,1,0,2026-07-20,2026-07-20,önálló indítvány elfogadva,Elfogadva,https://www.parlament.hu/web/guest/iromanyok_mobil?iromany=%7B%22id%22%3A%22130fba64-eba9-46f0-9cfb-3767df246f2d%22%7D
43,387,T,T/387,"A Helyreállítási és Ellenállóképességi Terv, egyes kormányprogrampontok és kormányhatározat végrehajtása érdekében szükséges adóintézkedésekről, valamint egyéb törvények módosításáról",4,1,3,2026-07-20,2026-07-28,önálló indítvány egyszerű többséget igénylő része elfogadva,Elfogadva,https://www.parlament.hu/web/guest/iromanyok_mobil?iromany=%7B%22id%22%3A%22d4568c47-df0e-4a72-b516-948b30cb26fb%22%7D
43,394,H,H/394,"A Közszolgálati Közalapítvány alapító okirata visszavonásáról, valamint a Független Közmédia Testület alapító okiratának elfogadásáról, induló vagyona megállapításáról",3,2,1,2026-07-20,2026-07-21,önálló indítvány minősített többséget igénylő része elfogadva,Elfogadva,https://www.parlament.hu/web/guest/iromanyok_mobil?iromany=%7B%22id%22%3A%2288396b5a-9636-4aaa-999b-8c0281359782%22%7D
43,403,S,S/403,"Az Országgyűlés bizottságainak létrehozásáról, tagjainak és tisztségviselőinek megválasztásáról szóló 17/2026. (V. 9.) OGY határozat módosításáról",1,1,0,2026-07-20,2026-07-20,önálló indítvány elfogadva,Elfogadva,https://www.parlament.hu/web/guest/iromanyok_mobil?iromany=%7B%22id%22%3A%22f4276dad-cb47-4a22-82b0-6cf046f7ff1d%22%7D
43,406,I,I/406,Mikor kaphatnak iskolakezdési támogatást a sokgyermekes családok?,1,1,0,2026-08-10,2026-08-10,Országgyűlés az interpellációs választ elfogadta,Elfogadva,https://www.parlament.hu/web/guest/iromanyok_mobil?iromany=%7B%22id%22%3A%2277064011-68bc-47f0-a21b-e558d5fdb84a%22%7D
43,407,I,I/407,Tatárjárás a közmédiában? Ön egyetért a Hazajáró megszüntetésével?,1,1,0,2026-08-10,2026-08-10,Országgyűlés az interpellációs választ elfogadta,Elfogadva,https://www.parlament.hu/web/guest/iromanyok_mobil?iromany=%7B%22id%22%3A%2280c6adda-3c64-4994-be67-e36f912c4e81%22%7D
43,408,I,I/408,Mit tesznek a civilizációs betegségek megelőzése és visszaszorítása érdekében?,1,1,0,2026-07-27,2026-07-27,Országgyűlés az interpellációs választ elfogadta,Elfogadva,https://www.parlament.hu/web/guest/iromanyok_mobil?iromany=%7B%22id%22%3A%224e590a8f-8097-4e18-8011-b6eba5dd1446%22%7D
43,416,I,I/416,Meddig működhet törvénytelenül az MNB Felügyelőbizottsága?,1,1,0,2026-07-27,2026-07-27,Országgyűlés az interpellációs választ elfogadta,Elfogadva,https://www.parlament.hu/web/guest/iromanyok_mobil?iromany=%7B%22id%22%3A%228ff9232b-c483-4da5-ad6e-22e44ebf3f6e%22%7D
43,419,S,S/419,Az Alkotmánybíróság új tagjának megválasztásáról (Dr. Sonnevend Pál),1,1,0,2026-07-27,2026-07-27,önálló indítvány elfogadva,Elfogadva,https://www.parlament.hu/web/guest/iromanyok_mobil?iromany=%7B%22id%22%3A%2216320eee-76bc-45cc-8468-2252713d9fc7%22%7D
43,448,I,I/448,"Miért szüntették meg köztévé egyik legnépszerűbb műsorát, a Hazajárót?",1,1,0,2026-08-10,2026-08-10,Országgyűlés az interpellációs választ elfogadta,Elfogadva,https://www.parlament.hu/web/guest/iromanyok_mobil?iromany=%7B%22id%22%3A%223b136d7e-0d22-4e58-b5d6-a4e028e8788c%22%7D
43,451,H,H/451,Varga Lőrinc Mihály országgyűlési képviselő mentelmi ügyében,1,1,0,2026-08-11,2026-08-11,mentelmi jog felfüggesztve,Elfogadva,https://www.parlament.hu/web/guest/iromanyok_mobil?iromany=%7B%22id%22%3A%22d66c9dfd-15b0-4e9f-9c04-149d6e5a7029%22%7D
43,452,H,H/452,Takács Péter országgyűlési képviselő mentelmi ügyében,1,1,0,2026-08-11,2026-08-11,mentelmi jog fenntartva,Elutasítva,https://www.parlament.hu/web/guest/iromanyok_mobil?iromany=%7B%22id%22%3A%22b5bd42f0-48ce-47f3-bd56-1ef34c24cf56%22%7D
43,453,H,H/453,Toroczkai László országgyűlési képviselő mentelmi ügyében,1,1,0,2026-08-11,2026-08-11,mentelmi jog fenntartva,Elutasítva,https://www.parlament.hu/web/guest/iromanyok_mobil?iromany=%7B%22id%22%3A%2220317dc3-89ed-49b1-9a6f-3d0e8f2fdf7a%22%7D
43,454,H,H/454,Toroczkai László országgyűlési képviselő mentelmi ügyében,1,1,0,2026-08-11,2026-08-11,mentelmi jog fenntartva,Elutasítva,https://www.parlament.hu/web/guest/iromanyok_mobil?iromany=%7B%22id%22%3A%225be4ea30-c22b-4827-9762-f0aae6e67e01%22%7D
43,465,T,T/465,Az általános forgalmi adóról szóló 2007. évi CXXVII. törvény módosításáról,2,2,0,2026-08-10,2026-08-11,önálló indítvány elfogadva,Elfogadva,https://www.parlament.hu/web/guest/iromanyok_mobil?iromany=%7B%22id%22%3A%22d11bf161-cbe0-4f1e-916a-98daf35346ab%22%7D
43,471,I,I/471,Miért nem foglalkoznak a hivatásos járművezetők problémáival?,1,1,0,2026-08-10,2026-08-10,Országgyűlés az interpellációs választ elfogadta,Elfogadva,https://www.parlament.hu/web/guest/iromanyok_mobil?iromany=%7B%22id%22%3A%22818ac949-eeba-47ec-bef2-76403433678d%22%7D
43,472,I,I/472,Kinek az érdekében hagyják elszállni az üzemanyagárakat?,1,1,0,2026-08-10,2026-08-10,Országgyűlés az interpellációs választ elfogadta,Elfogadva,https://www.parlament.hu/web/guest/iromanyok_mobil?iromany=%7B%22id%22%3A%2221bcab28-fada-49c7-87fc-08fa6a9bb9a4%22%7D
43,475,S,S/475,Dr. Nagy Gábor Bálint legfőbb ügyész lemondási idejéről,1,1,0,2026-08-11,2026-08-11,önálló indítvány elfogadva,Elfogadva,https://www.parlament.hu/web/guest/iromanyok_mobil?iromany=%7B%22id%22%3A%22cc9e96d9-07ef-477f-b476-797d65372f3f%22%7D
43,482,S,S/482,Ajánlóív a 2026. évi köztársaságielnök-választáshoz (Dr. Baka András),1,1,0,2026-08-11,2026-08-11,önálló indítvány elfogadva,Elfogadva,https://www.parlament.hu/web/guest/iromanyok_mobil?iromany=%7B%22id%22%3A%2292defd86-1bad-4cf0-bfaf-2035b547870e%22%7D
43,483,S,S/483,Ajánlóív a 2026. évi köztársaságielnök-választáshoz (Dr. Tóth Máté),1,1,0,2026-08-11,2026-08-11,az Országgyűlés az ajánlás érvénytelenségét megállapította,Elfogadva,https://www.parlament.hu/web/guest/iromanyok_mobil?iromany=%7B%22id%22%3A%22fabfb593-8a53-48e8-900d-bcdf6c0b890c%22%7D
43,484,S,S/484,"Az Országgyűlés bizottságainak létrehozásáról, tagjainak és tisztségviselőinek megválasztásáról szóló 17/2026. (V. 9.) OGY határozat módosításáról",1,1,0,2026-08-10,2026-08-10,önálló indítvány elfogadva,Elfogadva,https://www.parlament.hu/web/guest/iromanyok_mobil?iromany=%7B%22id%22%3A%228ecd386a-5e76-411a-b113-fd49e0898f4c%22%7D
