cycle,ts,faction,igen,nem,tartozkodott,cast,rice,ai,dissent
43,2026.05.09.10:45:47,TISZA,125,6,1,132,0.9083969465648855,0.9204545454545454,7
43,2026.05.09.10:45:47,Fidesz,36,4,3,43,0.8,0.7558139534883721,7
43,2026.05.09.10:45:47,KDNP,5,3,0,8,0.25,0.4375,3
43,2026.05.09.10:45:47,Mi Hazánk,5,1,0,6,0.6666666666666666,0.75,1
43,2026.05.09.10:46:28,TISZA,136,0,0,136,1.0,1.0,0
43,2026.05.09.10:46:28,Fidesz,43,0,0,43,1.0,1.0,0
43,2026.05.09.10:46:28,KDNP,8,0,0,8,1.0,1.0,0
43,2026.05.09.10:46:28,Mi Hazánk,6,0,0,6,1.0,1.0,0
43,2026.05.09.11:42:46,TISZA,138,0,0,138,1.0,1.0,0
43,2026.05.09.11:42:46,Fidesz,38,0,0,38,1.0,1.0,0
43,2026.05.09.11:42:46,KDNP,7,0,0,7,1.0,1.0,0
43,2026.05.09.11:42:46,Mi Hazánk,5,0,0,5,1.0,1.0,0
43,2026.05.09.11:43:41,TISZA,140,0,0,140,1.0,1.0,0
43,2026.05.09.11:43:41,Fidesz,39,0,0,39,1.0,1.0,0
43,2026.05.09.11:43:41,KDNP,8,0,0,8,1.0,1.0,0
43,2026.05.09.11:43:41,Mi Hazánk,5,0,0,5,1.0,1.0,0
43,2026.05.09.12:58:56,TISZA,141,0,0,141,1.0,1.0,0
43,2026.05.09.12:58:56,Fidesz,38,0,0,38,1.0,1.0,0
43,2026.05.09.12:58:56,KDNP,8,0,0,8,1.0,1.0,0
43,2026.05.09.12:58:56,Mi Hazánk,6,0,0,6,1.0,1.0,0
43,2026.05.09.12:59:34,TISZA,141,0,0,141,1.0,1.0,0
43,2026.05.09.12:59:34,Fidesz,40,0,0,40,1.0,1.0,0
43,2026.05.09.12:59:34,KDNP,8,0,0,8,1.0,1.0,0
43,2026.05.09.12:59:34,Mi Hazánk,6,0,0,6,1.0,1.0,0
43,2026.05.09.13:00:14,TISZA,141,0,0,141,1.0,1.0,0
43,2026.05.09.13:00:14,Fidesz,40,0,0,40,1.0,1.0,0
43,2026.05.09.13:00:14,KDNP,8,0,0,8,1.0,1.0,0
43,2026.05.09.13:00:14,Mi Hazánk,6,0,0,6,1.0,1.0,0
43,2026.05.09.13:00:50,TISZA,141,0,0,141,1.0,1.0,0
43,2026.05.09.13:00:50,Fidesz,40,0,0,40,1.0,1.0,0
43,2026.05.09.13:00:50,KDNP,8,0,0,8,1.0,1.0,0
43,2026.05.09.13:00:50,Mi Hazánk,6,0,0,6,1.0,1.0,0
43,2026.05.09.13:01:24,TISZA,138,0,0,138,1.0,1.0,0
43,2026.05.09.13:01:24,Fidesz,40,0,0,40,1.0,1.0,0
43,2026.05.09.13:01:24,KDNP,8,0,0,8,1.0,1.0,0
43,2026.05.09.13:01:24,Mi Hazánk,6,0,0,6,1.0,1.0,0
43,2026.05.09.13:02:02,TISZA,141,0,0,141,1.0,1.0,0
43,2026.05.09.13:02:02,Fidesz,40,0,0,40,1.0,1.0,0
43,2026.05.09.13:02:02,KDNP,8,0,0,8,1.0,1.0,0
43,2026.05.09.13:02:02,Mi Hazánk,6,0,0,6,1.0,1.0,0
43,2026.05.09.13:02:52,TISZA,141,0,0,141,1.0,1.0,0
43,2026.05.09.13:02:52,Fidesz,40,0,0,40,1.0,1.0,0
43,2026.05.09.13:02:52,KDNP,8,0,0,8,1.0,1.0,0
43,2026.05.09.13:02:52,Mi Hazánk,6,0,0,6,1.0,1.0,0
43,2026.05.09.13:03:29,TISZA,141,0,0,141,1.0,1.0,0
43,2026.05.09.13:03:29,Fidesz,40,0,0,40,1.0,1.0,0
43,2026.05.09.13:03:29,KDNP,8,0,0,8,1.0,1.0,0
43,2026.05.09.13:03:29,Mi Hazánk,6,0,0,6,1.0,1.0,0
43,2026.05.09.13:04:05,TISZA,141,0,0,141,1.0,1.0,0
43,2026.05.09.13:04:05,Fidesz,39,0,0,39,1.0,1.0,0
43,2026.05.09.13:04:05,KDNP,8,0,0,8,1.0,1.0,0
43,2026.05.09.13:04:05,Mi Hazánk,6,0,0,6,1.0,1.0,0
43,2026.05.09.13:04:40,TISZA,141,0,0,141,1.0,1.0,0
43,2026.05.09.13:04:40,Fidesz,40,0,0,40,1.0,1.0,0
43,2026.05.09.13:04:40,KDNP,8,0,0,8,1.0,1.0,0
43,2026.05.09.13:04:40,Mi Hazánk,6,0,0,6,1.0,1.0,0
43,2026.05.09.13:05:13,TISZA,141,0,0,141,1.0,1.0,0
43,2026.05.09.13:05:13,Fidesz,40,0,0,40,1.0,1.0,0
43,2026.05.09.13:05:13,KDNP,8,0,0,8,1.0,1.0,0
43,2026.05.09.13:05:13,Mi Hazánk,6,0,0,6,1.0,1.0,0
43,2026.05.09.13:05:46,TISZA,141,0,0,141,1.0,1.0,0
43,2026.05.09.13:05:46,Fidesz,38,0,0,38,1.0,1.0,0
43,2026.05.09.13:05:46,KDNP,8,0,0,8,1.0,1.0,0
43,2026.05.09.13:05:46,Mi Hazánk,6,0,0,6,1.0,1.0,0
43,2026.05.09.13:06:21,TISZA,141,0,0,141,1.0,1.0,0
43,2026.05.09.13:06:21,Fidesz,40,0,0,40,1.0,1.0,0
43,2026.05.09.13:06:21,KDNP,8,0,0,8,1.0,1.0,0
43,2026.05.09.13:06:21,Mi Hazánk,6,0,0,6,1.0,1.0,0
43,2026.05.09.13:06:57,TISZA,141,0,0,141,1.0,1.0,0
43,2026.05.09.13:06:57,Fidesz,40,0,0,40,1.0,1.0,0
43,2026.05.09.13:06:57,KDNP,8,0,0,8,1.0,1.0,0
43,2026.05.09.13:06:57,Mi Hazánk,6,0,0,6,1.0,1.0,0
43,2026.05.09.13:07:31,TISZA,141,0,0,141,1.0,1.0,0
43,2026.05.09.13:07:31,Fidesz,40,0,0,40,1.0,1.0,0
43,2026.05.09.13:07:31,KDNP,8,0,0,8,1.0,1.0,0
43,2026.05.09.13:07:31,Mi Hazánk,6,0,0,6,1.0,1.0,0
43,2026.05.09.13:08:03,TISZA,141,0,0,141,1.0,1.0,0
43,2026.05.09.13:08:03,Fidesz,40,0,0,40,1.0,1.0,0
43,2026.05.09.13:08:03,KDNP,8,0,0,8,1.0,1.0,0
43,2026.05.09.13:08:03,Mi Hazánk,6,0,0,6,1.0,1.0,0
43,2026.05.09.13:08:34,TISZA,136,0,0,136,1.0,1.0,0
43,2026.05.09.13:08:34,Fidesz,40,0,0,40,1.0,1.0,0
43,2026.05.09.13:08:34,KDNP,8,0,0,8,1.0,1.0,0
43,2026.05.09.13:08:34,Mi Hazánk,6,0,0,6,1.0,1.0,0
43,2026.05.09.13:09:09,TISZA,141,0,0,141,1.0,1.0,0
43,2026.05.09.13:09:09,Fidesz,40,0,0,40,1.0,1.0,0
43,2026.05.09.13:09:09,KDNP,8,0,0,8,1.0,1.0,0
43,2026.05.09.13:09:09,Mi Hazánk,6,0,0,6,1.0,1.0,0
43,2026.05.09.13:09:41,TISZA,141,0,0,141,1.0,1.0,0
43,2026.05.09.13:09:41,Fidesz,40,0,0,40,1.0,1.0,0
43,2026.05.09.13:09:41,KDNP,8,0,0,8,1.0,1.0,0
43,2026.05.09.13:09:41,Mi Hazánk,6,0,0,6,1.0,1.0,0
43,2026.05.09.13:10:15,TISZA,139,0,0,139,1.0,1.0,0
43,2026.05.09.13:10:15,Fidesz,40,0,0,40,1.0,1.0,0
43,2026.05.09.13:10:15,KDNP,8,0,0,8,1.0,1.0,0
43,2026.05.09.13:10:15,Mi Hazánk,5,0,0,5,1.0,1.0,0
43,2026.05.09.14:29:39,TISZA,141,0,0,141,1.0,1.0,0
43,2026.05.09.14:29:39,Fidesz,38,0,0,38,1.0,1.0,0
43,2026.05.09.14:29:39,KDNP,8,0,0,8,1.0,1.0,0
43,2026.05.09.14:29:39,Mi Hazánk,0,6,0,6,1.0,1.0,0
43,2026.05.09.14:30:46,TISZA,141,0,0,141,1.0,1.0,0
43,2026.05.09.14:30:46,Fidesz,38,0,0,38,1.0,1.0,0
43,2026.05.09.14:30:46,KDNP,8,0,0,8,1.0,1.0,0
43,2026.05.09.14:30:46,Mi Hazánk,0,6,0,6,1.0,1.0,0
43,2026.05.09.14:31:45,TISZA,141,0,0,141,1.0,1.0,0
43,2026.05.09.14:31:45,Fidesz,41,0,0,41,1.0,1.0,0
43,2026.05.09.14:31:45,KDNP,8,0,0,8,1.0,1.0,0
43,2026.05.09.14:31:45,Mi Hazánk,6,0,0,6,1.0,1.0,0
43,2026.05.09.14:32:17,TISZA,141,0,0,141,1.0,1.0,0
43,2026.05.09.14:32:17,Fidesz,0,1,40,41,1.0,0.9634146341463414,1
43,2026.05.09.14:32:17,KDNP,0,1,7,8,1.0,0.8125,1
43,2026.05.09.14:32:17,Mi Hazánk,0,0,6,6,,1.0,0
43,2026.05.09.14:33:08,TISZA,141,0,0,141,1.0,1.0,0
43,2026.05.09.14:33:08,Fidesz,41,0,0,41,1.0,1.0,0
43,2026.05.09.14:33:08,KDNP,8,0,0,8,1.0,1.0,0
43,2026.05.09.14:33:08,Mi Hazánk,0,6,0,6,1.0,1.0,0
43,2026.05.09.14:35:00,TISZA,141,0,0,141,1.0,1.0,0
43,2026.05.09.14:35:00,Fidesz,41,0,0,41,1.0,1.0,0
43,2026.05.09.14:35:00,KDNP,8,0,0,8,1.0,1.0,0
43,2026.05.09.14:35:00,Mi Hazánk,6,0,0,6,1.0,1.0,0
43,2026.05.09.14:35:58,TISZA,141,0,0,141,1.0,1.0,0
43,2026.05.09.14:35:58,Fidesz,41,0,0,41,1.0,1.0,0
43,2026.05.09.14:35:58,KDNP,8,0,0,8,1.0,1.0,0
43,2026.05.09.14:35:58,Mi Hazánk,6,0,0,6,1.0,1.0,0
43,2026.05.09.14:37:36,TISZA,140,0,0,140,1.0,1.0,0
43,2026.05.09.14:37:36,Fidesz,0,41,0,41,1.0,1.0,0
43,2026.05.09.14:37:36,KDNP,0,7,1,8,1.0,0.8125,1
43,2026.05.09.14:37:36,Mi Hazánk,0,6,0,6,1.0,1.0,0
43,2026.05.26.15:04:20,TISZA,139,0,0,139,1.0,1.0,0
43,2026.05.26.15:04:20,Fidesz,0,36,0,36,1.0,1.0,0
43,2026.05.26.15:04:20,KDNP,0,7,0,7,1.0,1.0,0
43,2026.05.26.15:04:20,Mi Hazánk,0,5,0,5,1.0,1.0,0
43,2026.05.26.15:15:08,TISZA,138,0,1,139,1.0,0.9892086330935251,1
43,2026.05.26.15:15:08,Fidesz,0,37,0,37,1.0,1.0,0
43,2026.05.26.15:15:08,KDNP,0,7,0,7,1.0,1.0,0
43,2026.05.26.15:15:08,Mi Hazánk,0,6,0,6,1.0,1.0,0
43,2026.05.26.15:25:47,TISZA,140,0,0,140,1.0,1.0,0
43,2026.05.26.15:25:47,Fidesz,0,37,0,37,1.0,1.0,0
43,2026.05.26.15:25:47,KDNP,0,6,0,6,1.0,1.0,0
43,2026.05.26.15:25:47,Mi Hazánk,0,6,0,6,1.0,1.0,0
43,2026.05.26.15:34:13,TISZA,140,0,0,140,1.0,1.0,0
43,2026.05.26.15:34:13,Fidesz,0,10,25,35,1.0,0.5714285714285714,10
43,2026.05.26.15:34:13,KDNP,0,3,3,6,1.0,0.25,3
43,2026.05.26.15:34:13,Mi Hazánk,0,6,0,6,1.0,1.0,0
43,2026.05.26.15:43:09,TISZA,139,0,0,139,1.0,1.0,0
43,2026.05.26.15:43:09,Fidesz,0,36,0,36,1.0,1.0,0
43,2026.05.26.15:43:09,KDNP,0,7,0,7,1.0,1.0,0
43,2026.05.26.15:43:09,Mi Hazánk,0,4,0,4,1.0,1.0,0
43,2026.05.26.15:52:39,TISZA,138,0,1,139,1.0,0.9892086330935251,1
43,2026.05.26.15:52:39,Fidesz,0,35,0,35,1.0,1.0,0
43,2026.05.26.15:52:39,KDNP,0,7,0,7,1.0,1.0,0
43,2026.05.26.15:52:39,Mi Hazánk,0,0,5,5,,1.0,0
43,2026.05.26.16:03:19,TISZA,139,0,0,139,1.0,1.0,0
43,2026.05.26.16:03:19,Fidesz,0,34,0,34,1.0,1.0,0
43,2026.05.26.16:03:19,KDNP,0,8,0,8,1.0,1.0,0
43,2026.05.26.16:03:19,Mi Hazánk,0,6,0,6,1.0,1.0,0
43,2026.05.26.16:11:58,TISZA,139,0,0,139,1.0,1.0,0
43,2026.05.26.16:11:58,Fidesz,0,37,0,37,1.0,1.0,0
43,2026.05.26.16:11:58,KDNP,0,8,0,8,1.0,1.0,0
43,2026.05.26.16:11:58,Mi Hazánk,0,6,0,6,1.0,1.0,0
43,2026.05.26.16:16:54,TISZA,139,0,0,139,1.0,1.0,0
43,2026.05.26.16:16:54,Fidesz,0,35,1,36,1.0,0.9583333333333334,1
43,2026.05.26.16:16:54,KDNP,0,8,0,8,1.0,1.0,0
43,2026.05.26.16:16:54,Mi Hazánk,0,0,6,6,,1.0,0
43,2026.05.26.16:17:31,TISZA,0,139,0,139,1.0,1.0,0
43,2026.05.26.16:17:31,Fidesz,0,1,36,37,1.0,0.9594594594594594,1
43,2026.05.26.16:17:31,KDNP,1,0,7,8,1.0,0.8125,1
43,2026.05.26.16:17:31,Mi Hazánk,6,0,0,6,1.0,1.0,0
43,2026.05.26.16:18:12,TISZA,139,0,0,139,1.0,1.0,0
43,2026.05.26.16:18:12,Fidesz,0,39,0,39,1.0,1.0,0
43,2026.05.26.16:18:12,KDNP,0,7,1,8,1.0,0.8125,1
43,2026.05.26.16:18:12,Mi Hazánk,6,0,0,6,1.0,1.0,0
43,2026.05.26.16:19:08,TISZA,140,0,0,140,1.0,1.0,0
43,2026.05.26.16:19:08,Fidesz,0,38,1,39,1.0,0.9615384615384616,1
43,2026.05.26.16:19:08,KDNP,0,8,0,8,1.0,1.0,0
43,2026.05.26.16:19:08,Mi Hazánk,0,0,6,6,,1.0,0
43,2026.05.26.16:19:45,TISZA,140,0,0,140,1.0,1.0,0
43,2026.05.26.16:19:45,Fidesz,0,36,1,37,1.0,0.9594594594594594,1
43,2026.05.26.16:19:45,KDNP,0,7,1,8,1.0,0.8125,1
43,2026.05.26.16:19:45,Mi Hazánk,6,0,0,6,1.0,1.0,0
43,2026.05.26.16:20:44,TISZA,140,0,0,140,1.0,1.0,0
43,2026.05.26.16:20:44,Fidesz,0,38,1,39,1.0,0.9615384615384616,1
43,2026.05.26.16:20:44,KDNP,0,8,0,8,1.0,1.0,0
43,2026.05.26.16:20:44,Mi Hazánk,0,0,6,6,,1.0,0
43,2026.05.26.16:21:16,TISZA,0,139,1,140,1.0,0.9892857142857143,1
43,2026.05.26.16:21:16,Fidesz,39,0,0,39,1.0,1.0,0
43,2026.05.26.16:21:16,KDNP,8,0,0,8,1.0,1.0,0
43,2026.05.26.16:21:16,Mi Hazánk,6,0,0,6,1.0,1.0,0
43,2026.05.26.16:21:59,TISZA,140,0,0,140,1.0,1.0,0
43,2026.05.26.16:21:59,Fidesz,0,38,1,39,1.0,0.9615384615384616,1
43,2026.05.26.16:21:59,KDNP,0,7,1,8,1.0,0.8125,1
43,2026.05.26.16:21:59,Mi Hazánk,6,0,0,6,1.0,1.0,0
43,2026.05.26.16:22:51,TISZA,140,0,0,140,1.0,1.0,0
43,2026.05.26.16:22:51,Fidesz,0,38,1,39,1.0,0.9615384615384616,1
43,2026.05.26.16:22:51,KDNP,0,8,0,8,1.0,1.0,0
43,2026.05.26.16:22:51,Mi Hazánk,0,0,6,6,,1.0,0
43,2026.05.26.16:23:24,TISZA,140,0,0,140,1.0,1.0,0
43,2026.05.26.16:23:24,Fidesz,1,35,1,37,0.9444444444444444,0.918918918918919,2
43,2026.05.26.16:23:24,KDNP,0,7,1,8,1.0,0.8125,1
43,2026.05.26.16:23:24,Mi Hazánk,6,0,0,6,1.0,1.0,0
43,2026.05.26.16:24:18,TISZA,139,0,0,139,1.0,1.0,0
43,2026.05.26.16:24:18,Fidesz,0,38,1,39,1.0,0.9615384615384616,1
43,2026.05.26.16:24:18,KDNP,0,8,0,8,1.0,1.0,0
43,2026.05.26.16:24:18,Mi Hazánk,0,0,6,6,,1.0,0
43,2026.05.26.16:24:52,TISZA,139,0,0,139,1.0,1.0,0
43,2026.05.26.16:24:52,Fidesz,0,22,17,39,1.0,0.34615384615384615,17
43,2026.05.26.16:24:52,KDNP,0,2,6,8,1.0,0.625,2
43,2026.05.26.16:24:52,Mi Hazánk,6,0,0,6,1.0,1.0,0
43,2026.05.26.16:31:45,TISZA,3,133,4,140,0.9558823529411765,0.925,7
43,2026.05.26.16:31:45,Fidesz,1,37,0,38,0.9473684210526315,0.9605263157894737,1
43,2026.05.26.16:31:45,KDNP,0,8,0,8,1.0,1.0,0
43,2026.05.26.16:31:45,Mi Hazánk,5,0,1,6,1.0,0.75,1
43,2026.05.26.16:33:43,TISZA,139,0,0,139,1.0,1.0,0
43,2026.05.26.16:33:43,Fidesz,35,1,0,36,0.9444444444444444,0.9583333333333334,1
43,2026.05.26.16:33:43,KDNP,8,0,0,8,1.0,1.0,0
43,2026.05.26.16:33:43,Mi Hazánk,5,0,0,5,1.0,1.0,0
43,2026.05.27.10:34:05,TISZA,131,0,0,131,1.0,1.0,0
43,2026.05.27.10:34:05,Fidesz,0,0,31,31,,1.0,0
43,2026.05.27.10:34:05,KDNP,0,2,4,6,1.0,0.5,2
43,2026.05.27.10:34:05,Mi Hazánk,0,0,4,4,,1.0,0
43,2026.05.27.10:34:43,TISZA,133,0,0,133,1.0,1.0,0
43,2026.05.27.10:34:43,Fidesz,0,31,0,31,1.0,1.0,0
43,2026.05.27.10:34:43,KDNP,0,6,1,7,1.0,0.7857142857142857,1
43,2026.05.27.10:34:43,Mi Hazánk,0,0,4,4,,1.0,0
43,2026.06.01.15:48:18,TISZA,136,0,0,136,1.0,1.0,0
43,2026.06.01.15:48:18,Fidesz,37,0,1,38,1.0,0.9605263157894737,1
43,2026.06.01.15:48:18,KDNP,8,0,0,8,1.0,1.0,0
43,2026.06.01.15:48:18,Mi Hazánk,6,0,0,6,1.0,1.0,0
43,2026.06.01.15:52:26,TISZA,135,0,0,135,1.0,1.0,0
43,2026.06.01.15:52:26,Fidesz,38,0,0,38,1.0,1.0,0
43,2026.06.01.15:52:26,KDNP,8,0,0,8,1.0,1.0,0
43,2026.06.01.15:52:26,Mi Hazánk,6,0,0,6,1.0,1.0,0
43,2026.06.01.16:02:22,TISZA,116,0,0,116,1.0,1.0,0
43,2026.06.01.16:02:22,Fidesz,0,32,0,32,1.0,1.0,0
43,2026.06.01.16:02:22,KDNP,0,6,0,6,1.0,1.0,0
43,2026.06.01.16:02:22,Mi Hazánk,0,5,0,5,1.0,1.0,0
43,2026.06.01.16:12:27,TISZA,119,0,0,119,1.0,1.0,0
43,2026.06.01.16:12:27,Fidesz,0,32,0,32,1.0,1.0,0
43,2026.06.01.16:12:27,KDNP,0,7,0,7,1.0,1.0,0
43,2026.06.01.16:12:27,Mi Hazánk,0,5,0,5,1.0,1.0,0
43,2026.06.01.16:21:45,TISZA,129,0,0,129,1.0,1.0,0
43,2026.06.01.16:21:45,Fidesz,0,3,25,28,1.0,0.8392857142857143,3
43,2026.06.01.16:21:45,KDNP,0,3,4,7,1.0,0.35714285714285715,3
43,2026.06.01.16:21:45,Mi Hazánk,0,5,0,5,1.0,1.0,0
43,2026.06.01.16:30:34,TISZA,129,0,0,129,1.0,1.0,0
43,2026.06.01.16:30:34,Fidesz,0,26,0,26,1.0,1.0,0
43,2026.06.01.16:30:34,KDNP,0,7,0,7,1.0,1.0,0
43,2026.06.01.16:30:34,Mi Hazánk,0,3,0,3,1.0,1.0,0
43,2026.06.01.16:39:47,TISZA,128,0,1,129,1.0,0.9883720930232558,1
43,2026.06.01.16:39:47,Fidesz,0,26,0,26,1.0,1.0,0
43,2026.06.01.16:39:47,KDNP,0,8,0,8,1.0,1.0,0
43,2026.06.01.16:39:47,Mi Hazánk,0,5,0,5,1.0,1.0,0
43,2026.06.01.16:59:54,TISZA,129,0,0,129,1.0,1.0,0
43,2026.06.01.16:59:54,Fidesz,0,29,0,29,1.0,1.0,0
43,2026.06.01.16:59:54,KDNP,0,8,0,8,1.0,1.0,0
43,2026.06.01.16:59:54,Mi Hazánk,0,0,5,5,,1.0,0
43,2026.06.08.15:07:12,TISZA,138,0,0,138,1.0,1.0,0
43,2026.06.08.15:07:12,Fidesz,0,1,35,36,1.0,0.9583333333333334,1
43,2026.06.08.15:07:12,KDNP,0,0,8,8,,1.0,0
43,2026.06.08.15:07:12,Mi Hazánk,4,0,0,4,1.0,1.0,0
43,2026.06.08.15:07:59,TISZA,138,0,0,138,1.0,1.0,0
43,2026.06.08.15:07:59,Fidesz,0,0,37,37,,1.0,0
43,2026.06.08.15:07:59,KDNP,0,0,8,8,,1.0,0
43,2026.06.08.15:07:59,Mi Hazánk,4,0,0,4,1.0,1.0,0
43,2026.06.08.15:08:46,TISZA,138,0,0,138,1.0,1.0,0
43,2026.06.08.15:08:46,Fidesz,0,0,37,37,,1.0,0
43,2026.06.08.15:08:46,KDNP,0,0,8,8,,1.0,0
43,2026.06.08.15:08:46,Mi Hazánk,4,0,0,4,1.0,1.0,0
43,2026.06.08.15:09:32,TISZA,138,0,0,138,1.0,1.0,0
43,2026.06.08.15:09:32,Fidesz,0,0,36,36,,1.0,0
43,2026.06.08.15:09:32,KDNP,0,0,8,8,,1.0,0
43,2026.06.08.15:09:32,Mi Hazánk,5,0,0,5,1.0,1.0,0
43,2026.06.08.15:10:43,TISZA,138,0,0,138,1.0,1.0,0
43,2026.06.08.15:10:43,Fidesz,38,0,0,38,1.0,1.0,0
43,2026.06.08.15:10:43,KDNP,8,0,0,8,1.0,1.0,0
43,2026.06.08.15:10:43,Mi Hazánk,5,0,0,5,1.0,1.0,0
43,2026.06.08.15:11:22,TISZA,138,0,0,138,1.0,1.0,0
43,2026.06.08.15:11:22,Fidesz,38,0,0,38,1.0,1.0,0
43,2026.06.08.15:11:22,KDNP,8,0,0,8,1.0,1.0,0
43,2026.06.08.15:11:22,Mi Hazánk,5,0,0,5,1.0,1.0,0
43,2026.06.08.15:12:17,TISZA,138,0,0,138,1.0,1.0,0
43,2026.06.08.15:12:17,Fidesz,38,0,0,38,1.0,1.0,0
43,2026.06.08.15:12:17,KDNP,8,0,0,8,1.0,1.0,0
43,2026.06.08.15:12:17,Mi Hazánk,5,0,0,5,1.0,1.0,0
43,2026.06.08.15:12:50,TISZA,138,0,0,138,1.0,1.0,0
43,2026.06.08.15:12:50,Fidesz,38,0,0,38,1.0,1.0,0
43,2026.06.08.15:12:50,KDNP,8,0,0,8,1.0,1.0,0
43,2026.06.08.15:12:50,Mi Hazánk,5,0,0,5,1.0,1.0,0
43,2026.06.08.15:21:20,TISZA,122,0,0,122,1.0,1.0,0
43,2026.06.08.15:21:20,Fidesz,0,36,0,36,1.0,1.0,0
43,2026.06.08.15:21:20,KDNP,0,8,0,8,1.0,1.0,0
43,2026.06.08.15:21:20,Mi Hazánk,0,3,0,3,1.0,1.0,0
43,2026.06.08.15:30:22,TISZA,126,0,1,127,1.0,0.9881889763779528,1
43,2026.06.08.15:30:22,Fidesz,0,36,0,36,1.0,1.0,0
43,2026.06.08.15:30:22,KDNP,0,8,0,8,1.0,1.0,0
43,2026.06.08.15:30:22,Mi Hazánk,0,0,4,4,,1.0,0
43,2026.06.08.15:39:11,TISZA,126,0,1,127,1.0,0.9881889763779528,1
43,2026.06.08.15:39:11,Fidesz,0,34,0,34,1.0,1.0,0
43,2026.06.08.15:39:11,KDNP,0,8,0,8,1.0,1.0,0
43,2026.06.08.15:39:11,Mi Hazánk,0,5,0,5,1.0,1.0,0
43,2026.06.08.15:57:01,TISZA,126,0,0,126,1.0,1.0,0
43,2026.06.08.15:57:01,Fidesz,1,31,0,32,0.9375,0.953125,1
43,2026.06.08.15:57:01,KDNP,0,8,0,8,1.0,1.0,0
43,2026.06.08.15:57:01,Mi Hazánk,0,5,0,5,1.0,1.0,0
43,2026.06.08.16:04:34,TISZA,132,0,0,132,1.0,1.0,0
43,2026.06.08.16:04:34,Fidesz,0,34,0,34,1.0,1.0,0
43,2026.06.08.16:04:34,KDNP,0,8,0,8,1.0,1.0,0
43,2026.06.08.16:04:34,Mi Hazánk,0,5,0,5,1.0,1.0,0
43,2026.06.08.16:13:27,TISZA,131,0,0,131,1.0,1.0,0
43,2026.06.08.16:13:27,Fidesz,0,32,0,32,1.0,1.0,0
43,2026.06.08.16:13:27,KDNP,0,8,0,8,1.0,1.0,0
43,2026.06.08.16:13:27,Mi Hazánk,0,5,0,5,1.0,1.0,0
43,2026.06.08.17:06:37,TISZA,135,0,0,135,1.0,1.0,0
43,2026.06.08.17:06:37,Fidesz,33,0,0,33,1.0,1.0,0
43,2026.06.08.17:06:37,KDNP,8,0,0,8,1.0,1.0,0
43,2026.06.08.17:06:37,Mi Hazánk,5,0,0,5,1.0,1.0,0
43,2026.06.08.17:07:09,TISZA,137,0,0,137,1.0,1.0,0
43,2026.06.08.17:07:09,Fidesz,33,0,0,33,1.0,1.0,0
43,2026.06.08.17:07:09,KDNP,8,0,0,8,1.0,1.0,0
43,2026.06.08.17:07:09,Mi Hazánk,5,0,0,5,1.0,1.0,0
43,2026.06.15.15:29:47,TISZA,132,0,0,132,1.0,1.0,0
43,2026.06.15.15:29:47,Fidesz,42,0,0,42,1.0,1.0,0
43,2026.06.15.15:29:47,KDNP,8,0,0,8,1.0,1.0,0
43,2026.06.15.15:29:47,Mi Hazánk,5,0,0,5,1.0,1.0,0
43,2026.06.15.15:31:42,TISZA,136,0,0,136,1.0,1.0,0
43,2026.06.15.15:31:42,Fidesz,0,42,0,42,1.0,1.0,0
43,2026.06.15.15:31:42,KDNP,0,8,0,8,1.0,1.0,0
43,2026.06.15.15:31:42,Mi Hazánk,6,0,0,6,1.0,1.0,0
43,2026.06.15.15:34:09,TISZA,137,0,0,137,1.0,1.0,0
43,2026.06.15.15:34:09,Fidesz,0,42,0,42,1.0,1.0,0
43,2026.06.15.15:34:09,KDNP,0,8,0,8,1.0,1.0,0
43,2026.06.15.15:34:09,Mi Hazánk,6,0,0,6,1.0,1.0,0
43,2026.06.15.15:36:32,TISZA,136,0,1,137,1.0,0.9890510948905109,1
43,2026.06.15.15:36:32,Fidesz,42,0,0,42,1.0,1.0,0
43,2026.06.15.15:36:32,KDNP,8,0,0,8,1.0,1.0,0
43,2026.06.15.15:36:32,Mi Hazánk,6,0,0,6,1.0,1.0,0
43,2026.06.15.15:54:35,TISZA,110,0,0,110,1.0,1.0,0
43,2026.06.15.15:54:35,Fidesz,0,39,0,39,1.0,1.0,0
43,2026.06.15.15:54:35,KDNP,0,7,0,7,1.0,1.0,0
43,2026.06.15.15:54:35,Mi Hazánk,0,0,6,6,,1.0,0
43,2026.06.15.16:04:38,TISZA,108,0,2,110,1.0,0.9727272727272728,2
43,2026.06.15.16:04:38,Fidesz,0,37,0,37,1.0,1.0,0
43,2026.06.15.16:04:38,KDNP,0,7,0,7,1.0,1.0,0
43,2026.06.15.16:04:38,Mi Hazánk,0,6,0,6,1.0,1.0,0
43,2026.06.15.16:19:29,TISZA,117,0,2,119,1.0,0.9747899159663865,2
43,2026.06.15.16:19:29,Fidesz,0,37,0,37,1.0,1.0,0
43,2026.06.15.16:19:29,KDNP,0,7,0,7,1.0,1.0,0
43,2026.06.15.16:19:29,Mi Hazánk,0,4,0,4,1.0,1.0,0
43,2026.06.15.16:26:45,TISZA,123,0,0,123,1.0,1.0,0
43,2026.06.15.16:26:45,Fidesz,0,36,1,37,1.0,0.9594594594594594,1
43,2026.06.15.16:26:45,KDNP,0,7,0,7,1.0,1.0,0
43,2026.06.15.16:26:45,Mi Hazánk,0,5,0,5,1.0,1.0,0
43,2026.06.15.17:19:04,TISZA,134,0,0,134,1.0,1.0,0
43,2026.06.15.17:19:04,Fidesz,0,42,0,42,1.0,1.0,0
43,2026.06.15.17:19:04,KDNP,0,8,0,8,1.0,1.0,0
43,2026.06.15.17:19:04,Mi Hazánk,0,0,6,6,,1.0,0
43,2026.06.15.17:20:04,TISZA,135,0,0,135,1.0,1.0,0
43,2026.06.15.17:20:04,Fidesz,0,42,0,42,1.0,1.0,0
43,2026.06.15.17:20:04,KDNP,0,8,0,8,1.0,1.0,0
43,2026.06.15.17:20:04,Mi Hazánk,0,0,6,6,,1.0,0
43,2026.06.15.17:21:24,TISZA,136,0,0,136,1.0,1.0,0
43,2026.06.15.17:21:24,Fidesz,0,0,42,42,,1.0,0
43,2026.06.15.17:21:24,KDNP,0,0,8,8,,1.0,0
43,2026.06.15.17:21:24,Mi Hazánk,6,0,0,6,1.0,1.0,0
43,2026.06.15.17:22:13,TISZA,135,0,2,137,1.0,0.9781021897810219,2
43,2026.06.15.17:22:13,Fidesz,0,0,42,42,,1.0,0
43,2026.06.15.17:22:13,KDNP,0,0,8,8,,1.0,0
43,2026.06.15.17:22:13,Mi Hazánk,6,0,0,6,1.0,1.0,0
43,2026.06.15.17:31:46,TISZA,0,133,3,136,1.0,0.9669117647058824,3
43,2026.06.15.17:31:46,Fidesz,0,41,0,41,1.0,1.0,0
43,2026.06.15.17:31:46,KDNP,0,7,0,7,1.0,1.0,0
43,2026.06.15.17:31:46,Mi Hazánk,6,0,0,6,1.0,1.0,0
43,2026.06.16.10:39:50,TISZA,137,0,0,137,1.0,1.0,0
43,2026.06.16.10:39:50,Fidesz,0,29,1,30,1.0,0.95,1
43,2026.06.16.10:39:50,KDNP,0,5,1,6,1.0,0.75,1
43,2026.06.16.10:39:50,Mi Hazánk,4,0,0,4,1.0,1.0,0
43,2026.06.22.15:40:37,TISZA,139,0,0,139,1.0,1.0,0
43,2026.06.22.15:40:37,Fidesz,0,39,0,39,1.0,1.0,0
43,2026.06.22.15:40:37,KDNP,0,7,0,7,1.0,1.0,0
43,2026.06.22.15:40:37,Mi Hazánk,0,6,0,6,1.0,1.0,0
43,2026.06.22.15:42:25,TISZA,138,0,0,138,1.0,1.0,0
43,2026.06.22.15:42:25,Fidesz,0,39,0,39,1.0,1.0,0
43,2026.06.22.15:42:25,KDNP,0,7,0,7,1.0,1.0,0
43,2026.06.22.15:42:25,Mi Hazánk,6,0,0,6,1.0,1.0,0
43,2026.06.22.15:44:24,TISZA,139,0,0,139,1.0,1.0,0
43,2026.06.22.15:44:24,Fidesz,0,39,0,39,1.0,1.0,0
43,2026.06.22.15:44:24,KDNP,0,7,0,7,1.0,1.0,0
43,2026.06.22.15:44:24,Mi Hazánk,0,6,0,6,1.0,1.0,0
43,2026.06.22.15:57:28,TISZA,129,0,0,129,1.0,1.0,0
43,2026.06.22.15:57:28,Fidesz,1,33,0,34,0.9411764705882353,0.9558823529411765,1
43,2026.06.22.15:57:28,KDNP,0,7,0,7,1.0,1.0,0
43,2026.06.22.15:57:28,Mi Hazánk,0,4,0,4,1.0,1.0,0
43,2026.06.22.16:07:12,TISZA,115,0,2,117,1.0,0.9743589743589743,2
43,2026.06.22.16:07:12,Fidesz,0,33,0,33,1.0,1.0,0
43,2026.06.22.16:07:12,KDNP,0,7,0,7,1.0,1.0,0
43,2026.06.22.16:07:12,Mi Hazánk,0,5,0,5,1.0,1.0,0
43,2026.06.22.16:16:41,TISZA,120,0,0,120,1.0,1.0,0
43,2026.06.22.16:16:41,Fidesz,0,33,0,33,1.0,1.0,0
43,2026.06.22.16:16:41,KDNP,0,7,0,7,1.0,1.0,0
43,2026.06.22.16:16:41,Mi Hazánk,0,5,0,5,1.0,1.0,0
43,2026.06.22.16:34:34,TISZA,119,0,0,119,1.0,1.0,0
43,2026.06.22.16:34:34,Fidesz,1,35,0,36,0.9444444444444444,0.9583333333333334,1
43,2026.06.22.16:34:34,KDNP,0,7,0,7,1.0,1.0,0
43,2026.06.22.16:34:34,Mi Hazánk,0,4,0,4,1.0,1.0,0
43,2026.06.22.16:43:58,TISZA,118,0,0,118,1.0,1.0,0
43,2026.06.22.16:43:58,Fidesz,0,36,0,36,1.0,1.0,0
43,2026.06.22.16:43:58,KDNP,0,7,0,7,1.0,1.0,0
43,2026.06.22.16:43:58,Mi Hazánk,0,4,0,4,1.0,1.0,0
43,2026.06.23.10:33:27,TISZA,1,138,0,139,0.9856115107913669,0.9892086330935251,1
43,2026.06.23.10:33:27,Fidesz,34,0,0,34,1.0,1.0,0
43,2026.06.23.10:33:27,KDNP,4,0,0,4,1.0,1.0,0
43,2026.06.23.10:33:27,Mi Hazánk,0,0,6,6,,1.0,0
43,2026.06.23.10:34:25,TISZA,139,0,0,139,1.0,1.0,0
43,2026.06.23.10:34:25,Fidesz,0,34,0,34,1.0,1.0,0
43,2026.06.23.10:34:25,KDNP,0,4,0,4,1.0,1.0,0
43,2026.06.23.10:34:25,Mi Hazánk,0,6,0,6,1.0,1.0,0
43,2026.06.23.10:35:01,TISZA,139,0,0,139,1.0,1.0,0
43,2026.06.23.10:35:01,Fidesz,0,34,0,34,1.0,1.0,0
43,2026.06.23.10:35:01,KDNP,0,4,0,4,1.0,1.0,0
43,2026.06.23.10:35:01,Mi Hazánk,0,6,0,6,1.0,1.0,0
43,2026.06.23.10:35:56,TISZA,139,0,0,139,1.0,1.0,0
43,2026.06.23.10:35:56,Fidesz,0,34,0,34,1.0,1.0,0
43,2026.06.23.10:35:56,KDNP,0,4,0,4,1.0,1.0,0
43,2026.06.23.10:35:56,Mi Hazánk,6,0,0,6,1.0,1.0,0
43,2026.06.23.10:36:33,TISZA,139,0,0,139,1.0,1.0,0
43,2026.06.23.10:36:33,Fidesz,0,34,0,34,1.0,1.0,0
43,2026.06.23.10:36:33,KDNP,0,4,0,4,1.0,1.0,0
43,2026.06.23.10:36:33,Mi Hazánk,6,0,0,6,1.0,1.0,0
43,2026.06.23.10:39:06,TISZA,139,0,0,139,1.0,1.0,0
43,2026.06.23.10:39:06,Fidesz,0,35,0,35,1.0,1.0,0
43,2026.06.23.10:39:06,KDNP,0,4,0,4,1.0,1.0,0
43,2026.06.23.10:39:06,Mi Hazánk,0,6,0,6,1.0,1.0,0
43,2026.06.23.10:40:01,TISZA,139,0,0,139,1.0,1.0,0
43,2026.06.23.10:40:01,Fidesz,0,35,0,35,1.0,1.0,0
43,2026.06.23.10:40:01,KDNP,0,4,0,4,1.0,1.0,0
43,2026.06.23.10:40:01,Mi Hazánk,0,6,0,6,1.0,1.0,0
43,2026.06.23.10:40:39,TISZA,139,0,0,139,1.0,1.0,0
43,2026.06.23.10:40:39,Fidesz,0,35,0,35,1.0,1.0,0
43,2026.06.23.10:40:39,KDNP,0,4,0,4,1.0,1.0,0
43,2026.06.23.10:40:39,Mi Hazánk,0,0,6,6,,1.0,0
43,2026.06.23.10:41:26,TISZA,1,138,0,139,0.9856115107913669,0.9892086330935251,1
43,2026.06.23.10:41:26,Fidesz,35,0,0,35,1.0,1.0,0
43,2026.06.23.10:41:26,KDNP,4,0,0,4,1.0,1.0,0
43,2026.06.23.10:41:26,Mi Hazánk,6,0,0,6,1.0,1.0,0
43,2026.06.23.10:42:16,TISZA,139,0,0,139,1.0,1.0,0
43,2026.06.23.10:42:16,Fidesz,0,35,0,35,1.0,1.0,0
43,2026.06.23.10:42:16,KDNP,0,4,0,4,1.0,1.0,0
43,2026.06.23.10:42:16,Mi Hazánk,0,0,6,6,,1.0,0
43,2026.06.23.10:42:51,TISZA,139,0,0,139,1.0,1.0,0
43,2026.06.23.10:42:51,Fidesz,0,35,0,35,1.0,1.0,0
43,2026.06.23.10:42:51,KDNP,0,4,0,4,1.0,1.0,0
43,2026.06.23.10:42:51,Mi Hazánk,0,0,6,6,,1.0,0
43,2026.06.23.10:44:01,TISZA,139,0,0,139,1.0,1.0,0
43,2026.06.23.10:44:01,Fidesz,0,35,0,35,1.0,1.0,0
43,2026.06.23.10:44:01,KDNP,0,4,0,4,1.0,1.0,0
43,2026.06.23.10:44:01,Mi Hazánk,6,0,0,6,1.0,1.0,0
43,2026.06.23.10:44:38,TISZA,139,0,0,139,1.0,1.0,0
43,2026.06.23.10:44:38,Fidesz,0,35,0,35,1.0,1.0,0
43,2026.06.23.10:44:38,KDNP,0,4,0,4,1.0,1.0,0
43,2026.06.23.10:44:38,Mi Hazánk,6,0,0,6,1.0,1.0,0
43,2026.06.23.10:46:23,TISZA,139,0,0,139,1.0,1.0,0
43,2026.06.23.10:46:23,Fidesz,0,34,0,34,1.0,1.0,0
43,2026.06.23.10:46:23,KDNP,0,4,0,4,1.0,1.0,0
43,2026.06.23.10:46:23,Mi Hazánk,6,0,0,6,1.0,1.0,0
43,2026.06.23.10:46:58,TISZA,139,0,0,139,1.0,1.0,0
43,2026.06.23.10:46:58,Fidesz,0,35,0,35,1.0,1.0,0
43,2026.06.23.10:46:58,KDNP,0,4,0,4,1.0,1.0,0
43,2026.06.23.10:46:58,Mi Hazánk,6,0,0,6,1.0,1.0,0
43,2026.06.23.10:47:50,TISZA,139,0,0,139,1.0,1.0,0
43,2026.06.23.10:47:50,Fidesz,0,35,0,35,1.0,1.0,0
43,2026.06.23.10:47:50,KDNP,0,4,0,4,1.0,1.0,0
43,2026.06.23.10:47:50,Mi Hazánk,6,0,0,6,1.0,1.0,0
43,2026.06.23.10:48:26,TISZA,139,0,0,139,1.0,1.0,0
43,2026.06.23.10:48:26,Fidesz,0,35,0,35,1.0,1.0,0
43,2026.06.23.10:48:26,KDNP,0,4,0,4,1.0,1.0,0
43,2026.06.23.10:48:26,Mi Hazánk,6,0,0,6,1.0,1.0,0
43,2026.06.23.10:50:07,TISZA,0,138,0,138,1.0,1.0,0
43,2026.06.23.10:50:07,Fidesz,34,1,0,35,0.9428571428571428,0.9571428571428572,1
43,2026.06.23.10:50:07,KDNP,4,0,0,4,1.0,1.0,0
43,2026.06.23.10:50:07,Mi Hazánk,6,0,0,6,1.0,1.0,0
43,2026.06.23.10:50:45,TISZA,0,139,0,139,1.0,1.0,0
43,2026.06.23.10:50:45,Fidesz,35,0,0,35,1.0,1.0,0
43,2026.06.23.10:50:45,KDNP,4,0,0,4,1.0,1.0,0
43,2026.06.23.10:50:45,Mi Hazánk,0,0,6,6,,1.0,0
43,2026.06.23.10:51:37,TISZA,139,0,0,139,1.0,1.0,0
43,2026.06.23.10:51:37,Fidesz,1,34,0,35,0.9428571428571428,0.9571428571428572,1
43,2026.06.23.10:51:37,KDNP,0,4,0,4,1.0,1.0,0
43,2026.06.23.10:51:37,Mi Hazánk,0,0,6,6,,1.0,0
43,2026.06.23.10:52:18,TISZA,139,0,0,139,1.0,1.0,0
43,2026.06.23.10:52:18,Fidesz,0,35,0,35,1.0,1.0,0
43,2026.06.23.10:52:18,KDNP,0,4,0,4,1.0,1.0,0
43,2026.06.23.10:52:18,Mi Hazánk,0,0,6,6,,1.0,0
43,2026.06.23.10:53:09,TISZA,139,0,0,139,1.0,1.0,0
43,2026.06.23.10:53:09,Fidesz,0,35,0,35,1.0,1.0,0
43,2026.06.23.10:53:09,KDNP,0,4,0,4,1.0,1.0,0
43,2026.06.23.10:53:09,Mi Hazánk,3,0,3,6,1.0,0.25,3
43,2026.06.23.10:53:53,TISZA,139,0,0,139,1.0,1.0,0
43,2026.06.23.10:53:53,Fidesz,0,34,0,34,1.0,1.0,0
43,2026.06.23.10:53:53,KDNP,0,5,0,5,1.0,1.0,0
43,2026.06.23.10:53:53,Mi Hazánk,3,0,3,6,1.0,0.25,3
43,2026.06.23.10:55:41,TISZA,0,139,0,139,1.0,1.0,0
43,2026.06.23.10:55:41,Fidesz,35,0,0,35,1.0,1.0,0
43,2026.06.23.10:55:41,KDNP,5,0,0,5,1.0,1.0,0
43,2026.06.23.10:55:41,Mi Hazánk,6,0,0,6,1.0,1.0,0
43,2026.06.23.10:56:28,TISZA,139,0,0,139,1.0,1.0,0
43,2026.06.23.10:56:28,Fidesz,0,35,0,35,1.0,1.0,0
43,2026.06.23.10:56:28,KDNP,0,5,0,5,1.0,1.0,0
43,2026.06.23.10:56:28,Mi Hazánk,6,0,0,6,1.0,1.0,0
43,2026.06.23.12:33:06,TISZA,131,0,0,131,1.0,1.0,0
43,2026.06.23.12:33:06,Fidesz,1,30,0,31,0.9354838709677419,0.9516129032258065,1
43,2026.06.23.12:33:06,KDNP,0,5,0,5,1.0,1.0,0
43,2026.06.23.12:33:06,Mi Hazánk,0,0,5,5,,1.0,0
43,2026.06.23.12:33:52,TISZA,130,0,0,130,1.0,1.0,0
43,2026.06.23.12:33:52,Fidesz,0,31,0,31,1.0,1.0,0
43,2026.06.23.12:33:52,KDNP,0,5,0,5,1.0,1.0,0
43,2026.06.23.12:33:52,Mi Hazánk,0,0,5,5,,1.0,0
43,2026.06.23.14:24:32,TISZA,123,0,0,123,1.0,1.0,0
43,2026.06.23.14:24:32,Fidesz,0,27,1,28,1.0,0.9464285714285714,1
43,2026.06.23.14:24:32,KDNP,0,3,1,4,1.0,0.625,1
43,2026.06.23.14:24:32,Mi Hazánk,0,0,4,4,,1.0,0
43,2026.06.29.15:46:56,TISZA,137,0,0,137,1.0,1.0,0
43,2026.06.29.15:46:56,Fidesz,39,0,0,39,1.0,1.0,0
43,2026.06.29.15:46:56,KDNP,8,0,0,8,1.0,1.0,0
43,2026.06.29.15:46:56,Mi Hazánk,6,0,0,6,1.0,1.0,0
43,2026.06.29.15:49:04,TISZA,137,0,0,137,1.0,1.0,0
43,2026.06.29.15:49:04,Fidesz,0,0,39,39,,1.0,0
43,2026.06.29.15:49:04,KDNP,0,1,7,8,1.0,0.8125,1
43,2026.06.29.15:49:04,Mi Hazánk,0,6,0,6,1.0,1.0,0
43,2026.06.29.15:50:50,TISZA,137,0,0,137,1.0,1.0,0
43,2026.06.29.15:50:50,Fidesz,37,1,1,39,0.9473684210526315,0.9230769230769231,2
43,2026.06.29.15:50:50,KDNP,5,0,3,8,1.0,0.4375,3
43,2026.06.29.15:50:50,Mi Hazánk,6,0,0,6,1.0,1.0,0
43,2026.06.29.15:59:30,TISZA,124,0,0,124,1.0,1.0,0
43,2026.06.29.15:59:30,Fidesz,0,38,0,38,1.0,1.0,0
43,2026.06.29.15:59:30,KDNP,0,8,0,8,1.0,1.0,0
43,2026.06.29.15:59:30,Mi Hazánk,0,6,0,6,1.0,1.0,0
43,2026.06.29.16:16:05,TISZA,128,0,0,128,1.0,1.0,0
43,2026.06.29.16:16:05,Fidesz,0,13,22,35,1.0,0.44285714285714284,13
43,2026.06.29.16:16:05,KDNP,0,7,1,8,1.0,0.8125,1
43,2026.06.29.16:16:05,Mi Hazánk,0,6,0,6,1.0,1.0,0
43,2026.06.29.16:33:26,TISZA,123,0,1,124,1.0,0.9879032258064516,1
43,2026.06.29.16:33:26,Fidesz,0,36,0,36,1.0,1.0,0
43,2026.06.29.16:33:26,KDNP,0,7,0,7,1.0,1.0,0
43,2026.06.29.16:33:26,Mi Hazánk,0,6,0,6,1.0,1.0,0
43,2026.06.29.16:43:04,TISZA,118,0,0,118,1.0,1.0,0
43,2026.06.29.16:43:04,Fidesz,0,36,1,37,1.0,0.9594594594594594,1
43,2026.06.29.16:43:04,KDNP,0,7,0,7,1.0,1.0,0
43,2026.06.29.16:43:04,Mi Hazánk,0,6,0,6,1.0,1.0,0
43,2026.06.29.16:52:37,TISZA,119,0,0,119,1.0,1.0,0
43,2026.06.29.16:52:37,Fidesz,0,33,0,33,1.0,1.0,0
43,2026.06.29.16:52:37,KDNP,0,8,0,8,1.0,1.0,0
43,2026.06.29.16:52:37,Mi Hazánk,0,6,0,6,1.0,1.0,0
43,2026.06.30.10:43:59,TISZA,135,0,0,135,1.0,1.0,0
43,2026.06.30.10:43:59,Fidesz,0,38,0,38,1.0,1.0,0
43,2026.06.30.10:43:59,KDNP,0,7,0,7,1.0,1.0,0
43,2026.06.30.10:43:59,Mi Hazánk,0,0,6,6,,1.0,0
43,2026.06.30.10:44:57,TISZA,135,0,0,135,1.0,1.0,0
43,2026.06.30.10:44:57,Fidesz,0,37,0,37,1.0,1.0,0
43,2026.06.30.10:44:57,KDNP,0,7,0,7,1.0,1.0,0
43,2026.06.30.10:44:57,Mi Hazánk,0,0,6,6,,1.0,0
43,2026.06.30.10:45:32,TISZA,135,0,0,135,1.0,1.0,0
43,2026.06.30.10:45:32,Fidesz,0,37,0,37,1.0,1.0,0
43,2026.06.30.10:45:32,KDNP,0,7,0,7,1.0,1.0,0
43,2026.06.30.10:45:32,Mi Hazánk,0,0,6,6,,1.0,0
43,2026.06.30.10:46:58,TISZA,0,135,0,135,1.0,1.0,0
43,2026.06.30.10:46:58,Fidesz,38,0,0,38,1.0,1.0,0
43,2026.06.30.10:46:58,KDNP,7,0,0,7,1.0,1.0,0
43,2026.06.30.10:46:58,Mi Hazánk,6,0,0,6,1.0,1.0,0
43,2026.06.30.10:48:19,TISZA,135,0,0,135,1.0,1.0,0
43,2026.06.30.10:48:19,Fidesz,1,37,0,38,0.9473684210526315,0.9605263157894737,1
43,2026.06.30.10:48:19,KDNP,0,7,0,7,1.0,1.0,0
43,2026.06.30.10:48:19,Mi Hazánk,0,6,0,6,1.0,1.0,0
43,2026.06.30.10:49:14,TISZA,135,0,0,135,1.0,1.0,0
43,2026.06.30.10:49:14,Fidesz,0,38,0,38,1.0,1.0,0
43,2026.06.30.10:49:14,KDNP,0,7,0,7,1.0,1.0,0
43,2026.06.30.10:49:14,Mi Hazánk,0,6,0,6,1.0,1.0,0
43,2026.06.30.10:49:50,TISZA,135,0,0,135,1.0,1.0,0
43,2026.06.30.10:49:50,Fidesz,0,38,0,38,1.0,1.0,0
43,2026.06.30.10:49:50,KDNP,1,6,0,7,0.7142857142857143,0.7857142857142857,1
43,2026.06.30.10:49:50,Mi Hazánk,0,6,0,6,1.0,1.0,0
43,2026.06.30.10:50:51,TISZA,135,0,0,135,1.0,1.0,0
43,2026.06.30.10:50:51,Fidesz,37,1,0,38,0.9473684210526315,0.9605263157894737,1
43,2026.06.30.10:50:51,KDNP,7,0,0,7,1.0,1.0,0
43,2026.06.30.10:50:51,Mi Hazánk,6,0,0,6,1.0,1.0,0
43,2026.07.06.14:22:31,TISZA,137,0,0,137,1.0,1.0,0
43,2026.07.06.14:22:31,Fidesz,0,40,0,40,1.0,1.0,0
43,2026.07.06.14:22:31,KDNP,0,7,0,7,1.0,1.0,0
43,2026.07.06.14:22:31,Mi Hazánk,0,5,0,5,1.0,1.0,0
43,2026.07.06.14:33:11,TISZA,133,0,0,133,1.0,1.0,0
43,2026.07.06.14:33:11,Fidesz,0,40,0,40,1.0,1.0,0
43,2026.07.06.14:33:11,KDNP,0,7,0,7,1.0,1.0,0
43,2026.07.06.14:33:11,Mi Hazánk,0,0,5,5,,1.0,0
43,2026.07.06.14:42:13,TISZA,131,0,0,131,1.0,1.0,0
43,2026.07.06.14:42:13,Fidesz,1,38,0,39,0.9487179487179487,0.9615384615384616,1
43,2026.07.06.14:42:13,KDNP,0,7,0,7,1.0,1.0,0
43,2026.07.06.14:42:13,Mi Hazánk,0,4,0,4,1.0,1.0,0
43,2026.07.06.14:49:17,TISZA,130,0,0,130,1.0,1.0,0
43,2026.07.06.14:49:17,Fidesz,0,37,1,38,1.0,0.9605263157894737,1
43,2026.07.06.14:49:17,KDNP,0,7,0,7,1.0,1.0,0
43,2026.07.06.14:49:17,Mi Hazánk,0,5,0,5,1.0,1.0,0
43,2026.07.06.15:02:51,TISZA,134,0,0,134,1.0,1.0,0
43,2026.07.06.15:02:51,Fidesz,0,38,0,38,1.0,1.0,0
43,2026.07.06.15:02:51,KDNP,0,7,0,7,1.0,1.0,0
43,2026.07.06.15:02:51,Mi Hazánk,0,4,0,4,1.0,1.0,0
43,2026.07.06.15:12:34,TISZA,135,0,0,135,1.0,1.0,0
43,2026.07.06.15:12:34,Fidesz,0,38,0,38,1.0,1.0,0
43,2026.07.06.15:12:34,KDNP,0,7,0,7,1.0,1.0,0
43,2026.07.06.15:12:34,Mi Hazánk,0,4,0,4,1.0,1.0,0
43,2026.07.06.15:21:51,TISZA,134,0,0,134,1.0,1.0,0
43,2026.07.06.15:21:51,Fidesz,0,38,1,39,1.0,0.9615384615384616,1
43,2026.07.06.15:21:51,KDNP,0,7,0,7,1.0,1.0,0
43,2026.07.06.15:21:51,Mi Hazánk,0,4,0,4,1.0,1.0,0
43,2026.07.07.09:49:06,TISZA,134,0,0,134,1.0,1.0,0
43,2026.07.07.09:49:06,Fidesz,39,0,0,39,1.0,1.0,0
43,2026.07.07.09:49:06,KDNP,7,0,0,7,1.0,1.0,0
43,2026.07.07.09:49:06,Mi Hazánk,6,0,0,6,1.0,1.0,0
43,2026.07.07.09:50:02,TISZA,135,0,0,135,1.0,1.0,0
43,2026.07.07.09:50:02,Fidesz,39,0,0,39,1.0,1.0,0
43,2026.07.07.09:50:02,KDNP,7,0,0,7,1.0,1.0,0
43,2026.07.07.09:50:02,Mi Hazánk,6,0,0,6,1.0,1.0,0
43,2026.07.07.09:50:53,TISZA,135,0,0,135,1.0,1.0,0
43,2026.07.07.09:50:53,Fidesz,40,0,0,40,1.0,1.0,0
43,2026.07.07.09:50:53,KDNP,7,0,0,7,1.0,1.0,0
43,2026.07.07.09:50:53,Mi Hazánk,6,0,0,6,1.0,1.0,0
43,2026.07.07.09:51:28,TISZA,135,0,0,135,1.0,1.0,0
43,2026.07.07.09:51:28,Fidesz,40,0,0,40,1.0,1.0,0
43,2026.07.07.09:51:28,KDNP,7,0,0,7,1.0,1.0,0
43,2026.07.07.09:51:28,Mi Hazánk,6,0,0,6,1.0,1.0,0
43,2026.07.07.09:52:13,TISZA,0,135,0,135,1.0,1.0,0
43,2026.07.07.09:52:13,Fidesz,40,0,0,40,1.0,1.0,0
43,2026.07.07.09:52:13,KDNP,7,0,0,7,1.0,1.0,0
43,2026.07.07.09:52:13,Mi Hazánk,0,6,0,6,1.0,1.0,0
43,2026.07.07.09:52:49,TISZA,135,0,0,135,1.0,1.0,0
43,2026.07.07.09:52:49,Fidesz,40,0,0,40,1.0,1.0,0
43,2026.07.07.09:52:49,KDNP,7,0,0,7,1.0,1.0,0
43,2026.07.07.09:52:49,Mi Hazánk,6,0,0,6,1.0,1.0,0
43,2026.07.07.09:53:57,TISZA,135,0,0,135,1.0,1.0,0
43,2026.07.07.09:53:57,Fidesz,34,0,6,40,1.0,0.775,6
43,2026.07.07.09:53:57,KDNP,5,0,2,7,1.0,0.5714285714285714,2
43,2026.07.07.09:53:57,Mi Hazánk,6,0,0,6,1.0,1.0,0
43,2026.07.07.09:54:39,TISZA,135,0,0,135,1.0,1.0,0
43,2026.07.07.09:54:39,Fidesz,40,0,0,40,1.0,1.0,0
43,2026.07.07.09:54:39,KDNP,7,0,0,7,1.0,1.0,0
43,2026.07.07.09:54:39,Mi Hazánk,6,0,0,6,1.0,1.0,0
43,2026.07.07.09:55:41,TISZA,135,0,0,135,1.0,1.0,0
43,2026.07.07.09:55:41,Fidesz,0,0,40,40,,1.0,0
43,2026.07.07.09:55:41,KDNP,0,0,7,7,,1.0,0
43,2026.07.07.09:55:41,Mi Hazánk,0,0,6,6,,1.0,0
43,2026.07.07.09:56:39,TISZA,135,0,0,135,1.0,1.0,0
43,2026.07.07.09:56:39,Fidesz,40,0,0,40,1.0,1.0,0
43,2026.07.07.09:56:39,KDNP,7,0,0,7,1.0,1.0,0
43,2026.07.07.09:56:39,Mi Hazánk,0,0,6,6,,1.0,0
43,2026.07.07.09:57:13,TISZA,135,0,0,135,1.0,1.0,0
43,2026.07.07.09:57:13,Fidesz,40,0,0,40,1.0,1.0,0
43,2026.07.07.09:57:13,KDNP,7,0,0,7,1.0,1.0,0
43,2026.07.07.09:57:13,Mi Hazánk,0,0,6,6,,1.0,0
43,2026.07.07.09:58:22,TISZA,135,0,0,135,1.0,1.0,0
43,2026.07.07.09:58:22,Fidesz,5,1,34,40,0.6666666666666666,0.775,6
43,2026.07.07.09:58:22,KDNP,5,0,2,7,1.0,0.5714285714285714,2
43,2026.07.07.09:58:22,Mi Hazánk,0,0,6,6,,1.0,0
43,2026.07.07.09:59:13,TISZA,135,0,0,135,1.0,1.0,0
43,2026.07.07.09:59:13,Fidesz,1,1,38,40,0.0,0.925,2
43,2026.07.07.09:59:13,KDNP,0,0,7,7,,1.0,0
43,2026.07.07.09:59:13,Mi Hazánk,0,0,6,6,,1.0,0
43,2026.07.07.09:59:52,TISZA,135,0,0,135,1.0,1.0,0
43,2026.07.07.09:59:52,Fidesz,0,1,38,39,1.0,0.9615384615384616,1
43,2026.07.07.09:59:52,KDNP,0,0,7,7,,1.0,0
43,2026.07.07.09:59:52,Mi Hazánk,0,0,6,6,,1.0,0
43,2026.07.13.15:12:57,TISZA,132,0,0,132,1.0,1.0,0
43,2026.07.13.15:12:57,Fidesz,0,0,0,0,,,0
43,2026.07.13.15:12:57,KDNP,0,0,0,0,,,0
43,2026.07.13.15:12:57,Mi Hazánk,5,0,1,6,1.0,0.75,1
43,2026.07.13.15:15:02,TISZA,138,0,0,138,1.0,1.0,0
43,2026.07.13.15:15:02,Fidesz,0,0,0,0,,,0
43,2026.07.13.15:15:02,KDNP,0,0,0,0,,,0
43,2026.07.13.15:15:02,Mi Hazánk,0,0,6,6,,1.0,0
43,2026.07.13.15:17:06,TISZA,139,0,0,139,1.0,1.0,0
43,2026.07.13.15:17:06,Fidesz,0,0,0,0,,,0
43,2026.07.13.15:17:06,KDNP,0,0,0,0,,,0
43,2026.07.13.15:17:06,Mi Hazánk,6,0,0,6,1.0,1.0,0
43,2026.07.13.15:24:35,TISZA,139,0,0,139,1.0,1.0,0
43,2026.07.13.15:24:35,Fidesz,0,0,0,0,,,0
43,2026.07.13.15:24:35,KDNP,0,0,0,0,,,0
43,2026.07.13.15:24:35,Mi Hazánk,0,6,0,6,1.0,1.0,0
43,2026.07.13.15:40:29,TISZA,139,0,0,139,1.0,1.0,0
43,2026.07.13.15:40:29,Fidesz,0,0,0,0,,,0
43,2026.07.13.15:40:29,KDNP,0,0,0,0,,,0
43,2026.07.13.15:40:29,Mi Hazánk,0,6,0,6,1.0,1.0,0
43,2026.07.13.15:56:58,TISZA,137,0,0,137,1.0,1.0,0
43,2026.07.13.15:56:58,Fidesz,0,0,0,0,,,0
43,2026.07.13.15:56:58,KDNP,0,0,0,0,,,0
43,2026.07.13.15:56:58,Mi Hazánk,0,6,0,6,1.0,1.0,0
43,2026.07.13.18:16:02,TISZA,0,139,0,139,1.0,1.0,0
43,2026.07.13.18:16:02,Fidesz,0,0,0,0,,,0
43,2026.07.13.18:16:02,KDNP,0,0,0,0,,,0
43,2026.07.13.18:16:02,Mi Hazánk,6,0,0,6,1.0,1.0,0
43,2026.07.13.18:16:48,TISZA,0,139,0,139,1.0,1.0,0
43,2026.07.13.18:16:48,Fidesz,0,0,0,0,,,0
43,2026.07.13.18:16:48,KDNP,0,0,0,0,,,0
43,2026.07.13.18:16:48,Mi Hazánk,6,0,0,6,1.0,1.0,0
43,2026.07.13.18:17:32,TISZA,0,139,0,139,1.0,1.0,0
43,2026.07.13.18:17:32,Fidesz,0,0,0,0,,,0
43,2026.07.13.18:17:32,KDNP,0,0,0,0,,,0
43,2026.07.13.18:17:32,Mi Hazánk,6,0,0,6,1.0,1.0,0
43,2026.07.13.18:18:22,TISZA,139,0,0,139,1.0,1.0,0
43,2026.07.13.18:18:22,Fidesz,0,0,0,0,,,0
43,2026.07.13.18:18:22,KDNP,0,0,0,0,,,0
43,2026.07.13.18:18:22,Mi Hazánk,6,0,0,6,1.0,1.0,0
43,2026.07.13.18:19:08,TISZA,139,0,0,139,1.0,1.0,0
43,2026.07.13.18:19:08,Fidesz,0,0,0,0,,,0
43,2026.07.13.18:19:08,KDNP,0,0,0,0,,,0
43,2026.07.13.18:19:08,Mi Hazánk,0,6,0,6,1.0,1.0,0
43,2026.07.14.11:00:34,TISZA,0,136,0,136,1.0,1.0,0
43,2026.07.14.11:00:34,Fidesz,41,0,0,41,1.0,1.0,0
43,2026.07.14.11:00:34,KDNP,6,0,0,6,1.0,1.0,0
43,2026.07.14.11:00:34,Mi Hazánk,6,0,0,6,1.0,1.0,0
43,2026.07.14.11:01:11,TISZA,136,0,0,136,1.0,1.0,0
43,2026.07.14.11:01:11,Fidesz,0,0,41,41,,1.0,0
43,2026.07.14.11:01:11,KDNP,0,0,6,6,,1.0,0
43,2026.07.14.11:01:11,Mi Hazánk,0,0,6,6,,1.0,0
43,2026.07.14.11:01:52,TISZA,136,0,0,136,1.0,1.0,0
43,2026.07.14.11:01:52,Fidesz,0,0,41,41,,1.0,0
43,2026.07.14.11:01:52,KDNP,0,0,6,6,,1.0,0
43,2026.07.14.11:01:52,Mi Hazánk,0,0,6,6,,1.0,0
43,2026.07.14.11:03:03,TISZA,135,1,0,136,0.9852941176470589,0.9889705882352942,1
43,2026.07.14.11:03:03,Fidesz,41,0,0,41,1.0,1.0,0
43,2026.07.14.11:03:03,KDNP,6,0,0,6,1.0,1.0,0
43,2026.07.14.11:03:03,Mi Hazánk,6,0,0,6,1.0,1.0,0
43,2026.07.14.11:03:37,TISZA,136,0,0,136,1.0,1.0,0
43,2026.07.14.11:03:37,Fidesz,41,0,0,41,1.0,1.0,0
43,2026.07.14.11:03:37,KDNP,6,0,0,6,1.0,1.0,0
43,2026.07.14.11:03:37,Mi Hazánk,6,0,0,6,1.0,1.0,0
43,2026.07.14.11:04:40,TISZA,0,136,0,136,1.0,1.0,0
43,2026.07.14.11:04:40,Fidesz,41,0,0,41,1.0,1.0,0
43,2026.07.14.11:04:40,KDNP,6,0,0,6,1.0,1.0,0
43,2026.07.14.11:04:40,Mi Hazánk,6,0,0,6,1.0,1.0,0
43,2026.07.14.11:05:16,TISZA,136,0,0,136,1.0,1.0,0
43,2026.07.14.11:05:16,Fidesz,41,0,0,41,1.0,1.0,0
43,2026.07.14.11:05:16,KDNP,4,0,2,6,1.0,0.5,2
43,2026.07.14.11:05:16,Mi Hazánk,6,0,0,6,1.0,1.0,0
43,2026.07.14.11:05:51,TISZA,136,0,0,136,1.0,1.0,0
43,2026.07.14.11:05:51,Fidesz,1,0,40,41,1.0,0.9634146341463414,1
43,2026.07.14.11:05:51,KDNP,0,0,6,6,,1.0,0
43,2026.07.14.11:05:51,Mi Hazánk,6,0,0,6,1.0,1.0,0
43,2026.07.20.15:08:02,TISZA,135,0,0,135,1.0,1.0,0
43,2026.07.20.15:08:02,Fidesz,34,0,0,34,1.0,1.0,0
43,2026.07.20.15:08:02,KDNP,8,0,0,8,1.0,1.0,0
43,2026.07.20.15:08:02,Mi Hazánk,4,0,0,4,1.0,1.0,0
43,2026.07.20.15:09:47,TISZA,135,0,0,135,1.0,1.0,0
43,2026.07.20.15:09:47,Fidesz,0,36,0,36,1.0,1.0,0
43,2026.07.20.15:09:47,KDNP,0,7,1,8,1.0,0.8125,1
43,2026.07.20.15:09:47,Mi Hazánk,0,0,5,5,,1.0,0
43,2026.07.20.15:13:11,TISZA,135,0,0,135,1.0,1.0,0
43,2026.07.20.15:13:11,Fidesz,0,31,0,31,1.0,1.0,0
43,2026.07.20.15:13:11,KDNP,0,8,0,8,1.0,1.0,0
43,2026.07.20.15:13:11,Mi Hazánk,6,0,0,6,1.0,1.0,0
43,2026.07.20.15:16:05,TISZA,134,0,1,135,1.0,0.9888888888888889,1
43,2026.07.20.15:16:05,Fidesz,0,0,0,0,,,0
43,2026.07.20.15:16:05,KDNP,0,0,1,1,,1.0,0
43,2026.07.20.15:16:05,Mi Hazánk,6,0,0,6,1.0,1.0,0
43,2026.07.20.15:18:37,TISZA,132,0,1,133,1.0,0.9887218045112782,1
43,2026.07.20.15:18:37,Fidesz,37,0,0,37,1.0,1.0,0
43,2026.07.20.15:18:37,KDNP,8,0,0,8,1.0,1.0,0
43,2026.07.20.15:18:37,Mi Hazánk,6,0,0,6,1.0,1.0,0
43,2026.07.20.15:47:22,TISZA,123,0,0,123,1.0,1.0,0
43,2026.07.20.15:47:22,Fidesz,34,1,0,35,0.9428571428571428,0.9571428571428572,1
43,2026.07.20.15:47:22,KDNP,7,1,0,8,0.75,0.8125,1
43,2026.07.20.15:47:22,Mi Hazánk,0,6,0,6,1.0,1.0,0
43,2026.07.20.15:59:59,TISZA,116,0,0,116,1.0,1.0,0
43,2026.07.20.15:59:59,Fidesz,0,30,0,30,1.0,1.0,0
43,2026.07.20.15:59:59,KDNP,0,8,0,8,1.0,1.0,0
43,2026.07.20.15:59:59,Mi Hazánk,0,6,0,6,1.0,1.0,0
43,2026.07.20.16:09:34,TISZA,125,0,0,125,1.0,1.0,0
43,2026.07.20.16:09:34,Fidesz,1,34,0,35,0.9428571428571428,0.9571428571428572,1
43,2026.07.20.16:09:34,KDNP,0,8,0,8,1.0,1.0,0
43,2026.07.20.16:09:34,Mi Hazánk,0,6,0,6,1.0,1.0,0
43,2026.07.20.16:18:54,TISZA,125,0,0,125,1.0,1.0,0
43,2026.07.20.16:18:54,Fidesz,0,33,1,34,1.0,0.9558823529411765,1
43,2026.07.20.16:18:54,KDNP,0,7,0,7,1.0,1.0,0
43,2026.07.20.16:18:54,Mi Hazánk,0,6,0,6,1.0,1.0,0
43,2026.07.21.12:50:31,TISZA,134,0,0,134,1.0,1.0,0
43,2026.07.21.12:50:31,Fidesz,34,0,0,34,1.0,1.0,0
43,2026.07.21.12:50:31,KDNP,6,0,0,6,1.0,1.0,0
43,2026.07.21.12:50:31,Mi Hazánk,6,0,0,6,1.0,1.0,0
43,2026.07.21.12:51:15,TISZA,134,0,0,134,1.0,1.0,0
43,2026.07.21.12:51:15,Fidesz,34,0,0,34,1.0,1.0,0
43,2026.07.21.12:51:15,KDNP,6,0,0,6,1.0,1.0,0
43,2026.07.21.12:51:15,Mi Hazánk,6,0,0,6,1.0,1.0,0
43,2026.07.21.14:04:57,TISZA,134,0,0,134,1.0,1.0,0
43,2026.07.21.14:04:57,Fidesz,0,19,0,19,1.0,1.0,0
43,2026.07.21.14:04:57,KDNP,0,7,0,7,1.0,1.0,0
43,2026.07.21.14:04:57,Mi Hazánk,6,0,0,6,1.0,1.0,0
43,2026.07.21.14:05:54,TISZA,134,0,0,134,1.0,1.0,0
43,2026.07.21.14:05:54,Fidesz,0,19,0,19,1.0,1.0,0
43,2026.07.21.14:05:54,KDNP,0,7,0,7,1.0,1.0,0
43,2026.07.21.14:05:54,Mi Hazánk,5,0,1,6,1.0,0.75,1
43,2026.07.21.14:07:03,TISZA,134,0,0,134,1.0,1.0,0
43,2026.07.21.14:07:03,Fidesz,0,18,1,19,1.0,0.9210526315789473,1
43,2026.07.21.14:07:03,KDNP,0,7,0,7,1.0,1.0,0
43,2026.07.21.14:07:03,Mi Hazánk,0,0,6,6,,1.0,0
43,2026.07.21.14:08:29,TISZA,134,0,0,134,1.0,1.0,0
43,2026.07.21.14:08:29,Fidesz,0,1,18,19,1.0,0.9210526315789473,1
43,2026.07.21.14:08:29,KDNP,0,0,7,7,,1.0,0
43,2026.07.21.14:08:29,Mi Hazánk,0,0,6,6,,1.0,0
43,2026.07.27.16:07:38,TISZA,134,0,0,134,1.0,1.0,0
43,2026.07.27.16:07:38,Fidesz,0,0,0,0,,,0
43,2026.07.27.16:07:38,KDNP,0,1,0,1,1.0,1.0,0
43,2026.07.27.16:07:38,Mi Hazánk,0,5,0,5,1.0,1.0,0
43,2026.07.27.16:26:01,TISZA,133,0,0,133,1.0,1.0,0
43,2026.07.27.16:26:01,Fidesz,0,0,0,0,,,0
43,2026.07.27.16:26:01,KDNP,0,1,0,1,1.0,1.0,0
43,2026.07.27.16:26:01,Mi Hazánk,0,6,0,6,1.0,1.0,0
43,2026.07.28.10:26:23,TISZA,137,0,0,137,1.0,1.0,0
43,2026.07.28.10:26:23,Fidesz,0,39,0,39,1.0,1.0,0
43,2026.07.28.10:26:23,KDNP,0,8,0,8,1.0,1.0,0
43,2026.07.28.10:26:23,Mi Hazánk,0,0,6,6,,1.0,0
43,2026.07.28.10:27:11,TISZA,137,0,0,137,1.0,1.0,0
43,2026.07.28.10:27:11,Fidesz,0,39,0,39,1.0,1.0,0
43,2026.07.28.10:27:11,KDNP,0,7,1,8,1.0,0.8125,1
43,2026.07.28.10:27:11,Mi Hazánk,0,0,6,6,,1.0,0
43,2026.07.28.10:28:08,TISZA,137,0,0,137,1.0,1.0,0
43,2026.07.28.10:28:08,Fidesz,39,0,0,39,1.0,1.0,0
43,2026.07.28.10:28:08,KDNP,8,0,0,8,1.0,1.0,0
43,2026.07.28.10:28:08,Mi Hazánk,6,0,0,6,1.0,1.0,0
43,2026.07.28.10:28:39,TISZA,137,0,0,137,1.0,1.0,0
43,2026.07.28.10:28:39,Fidesz,39,0,0,39,1.0,1.0,0
43,2026.07.28.10:28:39,KDNP,8,0,0,8,1.0,1.0,0
43,2026.07.28.10:28:39,Mi Hazánk,6,0,0,6,1.0,1.0,0
43,2026.07.28.10:29:38,TISZA,0,137,0,137,1.0,1.0,0
43,2026.07.28.10:29:38,Fidesz,39,0,0,39,1.0,1.0,0
43,2026.07.28.10:29:38,KDNP,8,0,0,8,1.0,1.0,0
43,2026.07.28.10:29:38,Mi Hazánk,6,0,0,6,1.0,1.0,0
43,2026.07.28.10:30:10,TISZA,0,137,0,137,1.0,1.0,0
43,2026.07.28.10:30:10,Fidesz,39,0,0,39,1.0,1.0,0
43,2026.07.28.10:30:10,KDNP,8,0,0,8,1.0,1.0,0
43,2026.07.28.10:30:10,Mi Hazánk,6,0,0,6,1.0,1.0,0
43,2026.07.28.10:30:57,TISZA,137,0,0,137,1.0,1.0,0
43,2026.07.28.10:30:57,Fidesz,1,38,0,39,0.9487179487179487,0.9615384615384616,1
43,2026.07.28.10:30:57,KDNP,0,8,0,8,1.0,1.0,0
43,2026.07.28.10:30:57,Mi Hazánk,6,0,0,6,1.0,1.0,0
43,2026.07.28.10:31:29,TISZA,137,0,0,137,1.0,1.0,0
43,2026.07.28.10:31:29,Fidesz,0,39,0,39,1.0,1.0,0
43,2026.07.28.10:31:29,KDNP,0,8,0,8,1.0,1.0,0
43,2026.07.28.10:31:29,Mi Hazánk,6,0,0,6,1.0,1.0,0
43,2026.07.28.10:32:16,TISZA,137,0,0,137,1.0,1.0,0
43,2026.07.28.10:32:16,Fidesz,0,39,0,39,1.0,1.0,0
43,2026.07.28.10:32:16,KDNP,0,8,0,8,1.0,1.0,0
43,2026.07.28.10:32:16,Mi Hazánk,6,0,0,6,1.0,1.0,0
43,2026.07.28.10:32:47,TISZA,137,0,0,137,1.0,1.0,0
43,2026.07.28.10:32:47,Fidesz,0,38,0,38,1.0,1.0,0
43,2026.07.28.10:32:47,KDNP,0,8,0,8,1.0,1.0,0
43,2026.07.28.10:32:47,Mi Hazánk,6,0,0,6,1.0,1.0,0
43,2026.07.28.10:34:04,TISZA,137,0,0,137,1.0,1.0,0
43,2026.07.28.10:34:04,Fidesz,0,37,2,39,1.0,0.9230769230769231,2
43,2026.07.28.10:34:04,KDNP,0,1,7,8,1.0,0.8125,1
43,2026.07.28.10:34:04,Mi Hazánk,0,0,6,6,,1.0,0
43,2026.07.28.10:34:35,TISZA,137,0,0,137,1.0,1.0,0
43,2026.07.28.10:34:35,Fidesz,0,37,1,38,1.0,0.9605263157894737,1
43,2026.07.28.10:34:35,KDNP,0,1,7,8,1.0,0.8125,1
43,2026.07.28.10:34:35,Mi Hazánk,0,0,6,6,,1.0,0
43,2026.07.28.10:35:33,TISZA,137,0,0,137,1.0,1.0,0
43,2026.07.28.10:35:33,Fidesz,0,23,16,39,1.0,0.38461538461538464,16
43,2026.07.28.10:35:33,KDNP,0,0,8,8,,1.0,0
43,2026.07.28.10:35:33,Mi Hazánk,0,0,6,6,,1.0,0
43,2026.07.28.10:36:22,TISZA,137,0,0,137,1.0,1.0,0
43,2026.07.28.10:36:22,Fidesz,0,39,0,39,1.0,1.0,0
43,2026.07.28.10:36:22,KDNP,0,2,6,8,1.0,0.625,2
43,2026.07.28.10:36:22,Mi Hazánk,0,0,5,5,,1.0,0
43,2026.07.28.10:36:58,TISZA,137,0,0,137,1.0,1.0,0
43,2026.07.28.10:36:58,Fidesz,0,38,1,39,1.0,0.9615384615384616,1
43,2026.07.28.10:36:58,KDNP,0,1,7,8,1.0,0.8125,1
43,2026.07.28.10:36:58,Mi Hazánk,0,0,6,6,,1.0,0
43,2026.07.28.10:38:09,TISZA,137,0,0,137,1.0,1.0,0
43,2026.07.28.10:38:09,Fidesz,0,39,0,39,1.0,1.0,0
43,2026.07.28.10:38:09,KDNP,0,7,1,8,1.0,0.8125,1
43,2026.07.28.10:38:09,Mi Hazánk,6,0,0,6,1.0,1.0,0
43,2026.07.28.10:38:43,TISZA,137,0,0,137,1.0,1.0,0
43,2026.07.28.10:38:43,Fidesz,0,39,0,39,1.0,1.0,0
43,2026.07.28.10:38:43,KDNP,0,7,1,8,1.0,0.8125,1
43,2026.07.28.10:38:43,Mi Hazánk,6,0,0,6,1.0,1.0,0
43,2026.08.10.15:27:01,TISZA,135,0,0,135,1.0,1.0,0
43,2026.08.10.15:27:01,Fidesz,36,0,0,36,1.0,1.0,0
43,2026.08.10.15:27:01,KDNP,7,0,0,7,1.0,1.0,0
43,2026.08.10.15:27:01,Mi Hazánk,6,0,0,6,1.0,1.0,0
43,2026.08.10.15:27:32,TISZA,128,0,4,132,1.0,0.9545454545454546,4
43,2026.08.10.15:27:32,Fidesz,36,0,0,36,1.0,1.0,0
43,2026.08.10.15:27:32,KDNP,7,0,0,7,1.0,1.0,0
43,2026.08.10.15:27:32,Mi Hazánk,6,0,0,6,1.0,1.0,0
43,2026.08.10.15:36:43,TISZA,134,0,0,134,1.0,1.0,0
43,2026.08.10.15:36:43,Fidesz,34,0,0,34,1.0,1.0,0
43,2026.08.10.15:36:43,KDNP,7,0,0,7,1.0,1.0,0
43,2026.08.10.15:36:43,Mi Hazánk,6,0,0,6,1.0,1.0,0
43,2026.08.10.15:40:24,TISZA,138,0,0,138,1.0,1.0,0
43,2026.08.10.15:40:24,Fidesz,35,0,0,35,1.0,1.0,0
43,2026.08.10.15:40:24,KDNP,7,0,0,7,1.0,1.0,0
43,2026.08.10.15:40:24,Mi Hazánk,6,0,0,6,1.0,1.0,0
43,2026.08.10.16:10:12,TISZA,126,0,1,127,1.0,0.9881889763779528,1
43,2026.08.10.16:10:12,Fidesz,0,36,0,36,1.0,1.0,0
43,2026.08.10.16:10:12,KDNP,0,7,0,7,1.0,1.0,0
43,2026.08.10.16:10:12,Mi Hazánk,0,6,0,6,1.0,1.0,0
43,2026.08.10.16:18:16,TISZA,126,0,0,126,1.0,1.0,0
43,2026.08.10.16:18:16,Fidesz,0,37,0,37,1.0,1.0,0
43,2026.08.10.16:18:16,KDNP,0,7,0,7,1.0,1.0,0
43,2026.08.10.16:18:16,Mi Hazánk,0,6,0,6,1.0,1.0,0
43,2026.08.10.16:28:44,TISZA,129,0,0,129,1.0,1.0,0
43,2026.08.10.16:28:44,Fidesz,0,34,1,35,1.0,0.9571428571428572,1
43,2026.08.10.16:28:44,KDNP,0,7,0,7,1.0,1.0,0
43,2026.08.10.16:28:44,Mi Hazánk,0,6,0,6,1.0,1.0,0
43,2026.08.10.16:55:59,TISZA,128,0,0,128,1.0,1.0,0
43,2026.08.10.16:55:59,Fidesz,0,35,0,35,1.0,1.0,0
43,2026.08.10.16:55:59,KDNP,0,7,0,7,1.0,1.0,0
43,2026.08.10.16:55:59,Mi Hazánk,0,5,0,5,1.0,1.0,0
43,2026.08.10.17:05:42,TISZA,126,0,0,126,1.0,1.0,0
43,2026.08.10.17:05:42,Fidesz,0,31,1,32,1.0,0.953125,1
43,2026.08.10.17:05:42,KDNP,0,7,0,7,1.0,1.0,0
43,2026.08.10.17:05:42,Mi Hazánk,0,5,0,5,1.0,1.0,0
43,2026.08.11.09:42:02,TISZA,139,0,0,139,1.0,1.0,0
43,2026.08.11.09:42:02,Fidesz,36,0,0,36,1.0,1.0,0
43,2026.08.11.09:42:02,KDNP,6,0,0,6,1.0,1.0,0
43,2026.08.11.09:42:02,Mi Hazánk,0,0,5,5,,1.0,0
43,2026.08.11.09:42:47,TISZA,140,0,0,140,1.0,1.0,0
43,2026.08.11.09:42:47,Fidesz,36,0,0,36,1.0,1.0,0
43,2026.08.11.09:42:47,KDNP,6,0,0,6,1.0,1.0,0
43,2026.08.11.09:42:47,Mi Hazánk,0,0,5,5,,1.0,0
43,2026.08.11.09:43:49,TISZA,1,139,0,140,0.9857142857142858,0.9892857142857143,1
43,2026.08.11.09:43:49,Fidesz,36,0,0,36,1.0,1.0,0
43,2026.08.11.09:43:49,KDNP,5,1,0,6,0.6666666666666666,0.75,1
43,2026.08.11.09:43:49,Mi Hazánk,5,0,0,5,1.0,1.0,0
43,2026.08.11.09:44:27,TISZA,140,0,0,140,1.0,1.0,0
43,2026.08.11.09:44:27,Fidesz,0,1,35,36,1.0,0.9583333333333334,1
43,2026.08.11.09:44:27,KDNP,0,0,6,6,,1.0,0
43,2026.08.11.09:44:27,Mi Hazánk,5,0,0,5,1.0,1.0,0
43,2026.08.11.09:45:02,TISZA,140,0,0,140,1.0,1.0,0
43,2026.08.11.09:45:02,Fidesz,0,1,34,35,1.0,0.9571428571428572,1
43,2026.08.11.09:45:02,KDNP,0,0,7,7,,1.0,0
43,2026.08.11.09:45:02,Mi Hazánk,5,0,0,5,1.0,1.0,0
43,2026.08.11.09:45:56,TISZA,140,0,0,140,1.0,1.0,0
43,2026.08.11.09:45:56,Fidesz,0,37,0,37,1.0,1.0,0
43,2026.08.11.09:45:56,KDNP,0,7,0,7,1.0,1.0,0
43,2026.08.11.09:45:56,Mi Hazánk,5,0,0,5,1.0,1.0,0
43,2026.08.11.09:46:57,TISZA,140,0,0,140,1.0,1.0,0
43,2026.08.11.09:46:57,Fidesz,0,37,0,37,1.0,1.0,0
43,2026.08.11.09:46:57,KDNP,0,6,1,7,1.0,0.7857142857142857,1
43,2026.08.11.09:46:57,Mi Hazánk,0,5,0,5,1.0,1.0,0
43,2026.08.11.09:47:32,TISZA,140,0,0,140,1.0,1.0,0
43,2026.08.11.09:47:32,Fidesz,0,37,0,37,1.0,1.0,0
43,2026.08.11.09:47:32,KDNP,0,7,0,7,1.0,1.0,0
43,2026.08.11.09:47:32,Mi Hazánk,0,5,0,5,1.0,1.0,0
43,2026.08.11.09:48:24,TISZA,140,0,0,140,1.0,1.0,0
43,2026.08.11.09:48:24,Fidesz,0,37,0,37,1.0,1.0,0
43,2026.08.11.09:48:24,KDNP,0,7,0,7,1.0,1.0,0
43,2026.08.11.09:48:24,Mi Hazánk,0,0,5,5,,1.0,0
43,2026.08.11.09:48:58,TISZA,140,0,0,140,1.0,1.0,0
43,2026.08.11.09:48:58,Fidesz,0,37,0,37,1.0,1.0,0
43,2026.08.11.09:48:58,KDNP,0,7,0,7,1.0,1.0,0
43,2026.08.11.09:48:58,Mi Hazánk,0,0,5,5,,1.0,0
43,2026.08.11.09:49:49,TISZA,140,0,0,140,1.0,1.0,0
43,2026.08.11.09:49:49,Fidesz,37,0,0,37,1.0,1.0,0
43,2026.08.11.09:49:49,KDNP,7,0,0,7,1.0,1.0,0
43,2026.08.11.09:49:49,Mi Hazánk,5,0,0,5,1.0,1.0,0
43,2026.08.11.09:50:22,TISZA,140,0,0,140,1.0,1.0,0
43,2026.08.11.09:50:22,Fidesz,37,0,0,37,1.0,1.0,0
43,2026.08.11.09:50:22,KDNP,7,0,0,7,1.0,1.0,0
43,2026.08.11.09:50:22,Mi Hazánk,6,0,0,6,1.0,1.0,0
43,2026.08.11.09:51:26,TISZA,140,0,0,140,1.0,1.0,0
43,2026.08.11.09:51:26,Fidesz,0,37,0,37,1.0,1.0,0
43,2026.08.11.09:51:26,KDNP,0,7,0,7,1.0,1.0,0
43,2026.08.11.09:51:26,Mi Hazánk,6,0,0,6,1.0,1.0,0
43,2026.08.11.09:52:03,TISZA,140,0,0,140,1.0,1.0,0
43,2026.08.11.09:52:03,Fidesz,0,37,0,37,1.0,1.0,0
43,2026.08.11.09:52:03,KDNP,0,7,0,7,1.0,1.0,0
43,2026.08.11.09:52:03,Mi Hazánk,6,0,0,6,1.0,1.0,0
43,2026.08.11.09:52:55,TISZA,140,0,0,140,1.0,1.0,0
43,2026.08.11.09:52:55,Fidesz,0,37,0,37,1.0,1.0,0
43,2026.08.11.09:52:55,KDNP,0,7,0,7,1.0,1.0,0
43,2026.08.11.09:52:55,Mi Hazánk,0,0,6,6,,1.0,0
43,2026.08.11.09:53:29,TISZA,140,0,0,140,1.0,1.0,0
43,2026.08.11.09:53:29,Fidesz,0,37,0,37,1.0,1.0,0
43,2026.08.11.09:53:29,KDNP,0,7,0,7,1.0,1.0,0
43,2026.08.11.09:53:29,Mi Hazánk,0,0,6,6,,1.0,0
43,2026.08.11.09:54:19,TISZA,140,0,0,140,1.0,1.0,0
43,2026.08.11.09:54:19,Fidesz,0,37,0,37,1.0,1.0,0
43,2026.08.11.09:54:19,KDNP,0,7,0,7,1.0,1.0,0
43,2026.08.11.09:54:19,Mi Hazánk,6,0,0,6,1.0,1.0,0
43,2026.08.11.09:54:53,TISZA,140,0,0,140,1.0,1.0,0
43,2026.08.11.09:54:53,Fidesz,0,37,0,37,1.0,1.0,0
43,2026.08.11.09:54:53,KDNP,0,7,0,7,1.0,1.0,0
43,2026.08.11.09:54:53,Mi Hazánk,6,0,0,6,1.0,1.0,0
43,2026.08.11.09:55:45,TISZA,140,0,0,140,1.0,1.0,0
43,2026.08.11.09:55:45,Fidesz,0,37,0,37,1.0,1.0,0
43,2026.08.11.09:55:45,KDNP,0,7,0,7,1.0,1.0,0
43,2026.08.11.09:55:45,Mi Hazánk,5,0,0,5,1.0,1.0,0
43,2026.08.11.09:56:19,TISZA,140,0,0,140,1.0,1.0,0
43,2026.08.11.09:56:19,Fidesz,0,37,0,37,1.0,1.0,0
43,2026.08.11.09:56:19,KDNP,0,7,0,7,1.0,1.0,0
43,2026.08.11.09:56:19,Mi Hazánk,6,0,0,6,1.0,1.0,0
43,2026.08.11.09:58:18,TISZA,140,0,0,140,1.0,1.0,0
43,2026.08.11.09:58:18,Fidesz,0,0,37,37,,1.0,0
43,2026.08.11.09:58:18,KDNP,0,0,7,7,,1.0,0
43,2026.08.11.09:58:18,Mi Hazánk,6,0,0,6,1.0,1.0,0
43,2026.08.11.10:07:34,TISZA,140,0,0,140,1.0,1.0,0
43,2026.08.11.10:07:34,Fidesz,37,0,0,37,1.0,1.0,0
43,2026.08.11.10:07:34,KDNP,7,0,0,7,1.0,1.0,0
43,2026.08.11.10:07:34,Mi Hazánk,6,0,0,6,1.0,1.0,0
43,2026.08.11.10:12:19,TISZA,0,105,13,118,1.0,0.8347457627118644,13
43,2026.08.11.10:12:19,Fidesz,0,36,1,37,1.0,0.9594594594594594,1
43,2026.08.11.10:12:19,KDNP,0,7,0,7,1.0,1.0,0
43,2026.08.11.10:12:19,Mi Hazánk,6,0,0,6,1.0,1.0,0
43,2026.08.11.10:21:08,TISZA,2,121,6,129,0.967479674796748,0.9069767441860465,8
43,2026.08.11.10:21:08,Fidesz,0,37,0,37,1.0,1.0,0
43,2026.08.11.10:21:08,KDNP,0,6,1,7,1.0,0.7857142857142857,1
43,2026.08.11.10:21:08,Mi Hazánk,6,0,0,6,1.0,1.0,0
43,2026.08.11.10:22:22,TISZA,1,118,13,132,0.9831932773109243,0.8409090909090909,14
43,2026.08.11.10:22:22,Fidesz,0,37,0,37,1.0,1.0,0
43,2026.08.11.10:22:22,KDNP,0,6,1,7,1.0,0.7857142857142857,1
43,2026.08.11.10:22:22,Mi Hazánk,6,0,0,6,1.0,1.0,0
43,2026.08.11.11:58:41,TISZA,133,0,0,133,1.0,1.0,0
43,2026.08.11.11:58:41,Fidesz,34,0,0,34,1.0,1.0,0
43,2026.08.11.11:58:41,KDNP,7,0,0,7,1.0,1.0,0
43,2026.08.11.11:58:41,Mi Hazánk,4,0,0,4,1.0,1.0,0
43,2026.08.11.14:05:37,TISZA,140,0,0,140,1.0,1.0,0
43,2026.08.11.14:05:37,Fidesz,0,0,0,0,,,0
43,2026.08.11.14:05:37,KDNP,0,0,0,0,,,0
43,2026.08.11.14:05:37,Mi Hazánk,0,0,5,5,,1.0,0
