cycle,ts,date,time,rule,needed,base,igen,nem,tartozkodott,margin,passed,yes_majority,qualified,hypo_igen,flips_if_all_voted,iromany,title
43,2026.05.09.10:46:28,2026-05-09,10:46,egyszeru,99,197,193,0,0,94,True,True,False,199,False,,
43,2026.05.09.11:42:46,2026-05-09,11:42,egyszeru,98,195,188,0,0,90,True,True,False,199,False,B/1,A Nemzeti Választási Bizottság elnökének beszámolója a Nemzeti Választási Bizottságnak az országgyűlési képviselők 2026. április 12-én megtartott általános választásán végzett tevékenységéről
43,2026.05.09.11:43:41,2026-05-09,11:43,egyszeru,99,196,192,0,0,93,True,True,False,199,False,B/2,A Nemzeti Választási Iroda elnökének beszámolója az országgyűlési képviselők 2026. április 12. napján megtartott általános választásával kapcsolatos állami feladatok megszervezéséről és lebonyolításáról
43,2026.05.09.11:50:00,2026-05-09,11:50,egyszeru,98,195,193,2,0,95,True,True,False,,,S/3,Az Országgyűlés elnökének megválasztásáról
43,2026.05.09.12:58:56,2026-05-09,12:58,egyszeru,97,193,193,0,0,96,True,True,False,199,False,S/4,Az Országgyűlés alelnökeinek és törvényalkotásért felelős alelnökének megválasztásáról
43,2026.05.09.12:59:34,2026-05-09,12:59,egyszeru,98,195,195,0,0,97,True,True,False,199,False,S/4,Az Országgyűlés alelnökeinek és törvényalkotásért felelős alelnökének megválasztásáról
43,2026.05.09.13:00:14,2026-05-09,13:00,egyszeru,98,195,195,0,0,97,True,True,False,199,False,S/4,Az Országgyűlés alelnökeinek és törvényalkotásért felelős alelnökének megválasztásáról
43,2026.05.09.13:00:50,2026-05-09,13:00,egyszeru,98,195,195,0,0,97,True,True,False,199,False,S/4,Az Országgyűlés alelnökeinek és törvényalkotásért felelős alelnökének megválasztásáról
43,2026.05.09.13:01:24,2026-05-09,13:01,egyszeru,98,195,192,0,0,94,True,True,False,199,False,S/4,Az Országgyűlés alelnökeinek és törvényalkotásért felelős alelnökének megválasztásáról
43,2026.05.09.13:02:02,2026-05-09,13:02,egyszeru,98,195,195,0,0,97,True,True,False,199,False,S/4,Az Országgyűlés alelnökeinek és törvényalkotásért felelős alelnökének megválasztásáról
43,2026.05.09.13:02:52,2026-05-09,13:02,egyszeru,98,195,195,0,0,97,True,True,False,199,False,S/5,Az Országgyűlés jegyzőinek megválasztásáról
43,2026.05.09.13:03:29,2026-05-09,13:03,egyszeru,98,195,195,0,0,97,True,True,False,199,False,S/5,Az Országgyűlés jegyzőinek megválasztásáról
43,2026.05.09.13:04:05,2026-05-09,13:04,egyszeru,98,195,194,0,0,96,True,True,False,199,False,S/5,Az Országgyűlés jegyzőinek megválasztásáról
43,2026.05.09.13:04:40,2026-05-09,13:04,egyszeru,98,195,195,0,0,97,True,True,False,199,False,S/5,Az Országgyűlés jegyzőinek megválasztásáról
43,2026.05.09.13:05:13,2026-05-09,13:05,egyszeru,98,195,195,0,0,97,True,True,False,199,False,S/5,Az Országgyűlés jegyzőinek megválasztásáról
43,2026.05.09.13:05:46,2026-05-09,13:05,egyszeru,98,195,193,0,0,95,True,True,False,199,False,S/5,Az Országgyűlés jegyzőinek megválasztásáról
43,2026.05.09.13:06:21,2026-05-09,13:06,egyszeru,98,195,195,0,0,97,True,True,False,199,False,S/5,Az Országgyűlés jegyzőinek megválasztásáról
43,2026.05.09.13:06:57,2026-05-09,13:06,egyszeru,98,195,195,0,0,97,True,True,False,199,False,S/5,Az Országgyűlés jegyzőinek megválasztásáról
43,2026.05.09.13:07:31,2026-05-09,13:07,egyszeru,98,195,195,0,0,97,True,True,False,199,False,S/5,Az Országgyűlés jegyzőinek megválasztásáról
43,2026.05.09.13:08:03,2026-05-09,13:08,egyszeru,98,195,195,0,0,97,True,True,False,199,False,S/5,Az Országgyűlés jegyzőinek megválasztásáról
43,2026.05.09.13:08:34,2026-05-09,13:08,egyszeru,98,195,190,0,0,92,True,True,False,199,False,S/5,Az Országgyűlés jegyzőinek megválasztásáról
43,2026.05.09.13:09:09,2026-05-09,13:09,egyszeru,98,195,195,0,0,97,True,True,False,199,False,S/5,Az Országgyűlés jegyzőinek megválasztásáról
43,2026.05.09.13:09:41,2026-05-09,13:09,egyszeru,98,195,195,0,0,97,True,True,False,199,False,S/5,Az Országgyűlés jegyzőinek megválasztásáról
43,2026.05.09.13:10:15,2026-05-09,13:10,egyszeru,98,195,192,0,0,94,True,True,False,199,False,S/5,Az Országgyűlés jegyzőinek megválasztásáról
43,2026.05.09.14:29:39,2026-05-09,14:29,negyotod_jelenlevo,156,195,187,6,0,31,True,True,True,193,False,T/7,Magyarország minisztériumainak felsorolásáról
43,2026.05.09.14:30:46,2026-05-09,14:30,negyotod_jelenlevo,156,195,187,6,0,31,True,True,True,193,False,T/8,Az Ukrajna területén fennálló fegyveres konfliktusra tekintettel kihirdetett veszélyhelyzeti rendeletek törvényi szintre emeléséről
43,2026.05.09.14:31:45,2026-05-09,14:31,egyszeru,99,196,196,0,0,97,True,True,False,199,False,7/1,Magyarország minisztériumainak felsorolásáról
43,2026.05.09.14:32:17,2026-05-09,14:32,egyszeru,99,196,141,2,53,42,True,True,False,141,False,T/7,Magyarország minisztériumainak felsorolásáról
43,2026.05.09.14:33:08,2026-05-09,14:33,egyszeru,99,196,190,6,0,91,True,True,False,193,False,T/8,Az Ukrajna területén fennálló fegyveres konfliktusra tekintettel kihirdetett veszélyhelyzeti rendeletek törvényi szintre emeléséről
43,2026.05.09.14:35:00,2026-05-09,14:35,egyszeru,99,196,196,0,0,97,True,True,False,199,False,H/6,"Az Országgyűlés bizottságainak létrehozásáról, tagjainak és tisztségviselőinek megválasztásáról"
43,2026.05.09.14:35:58,2026-05-09,14:35,egyszeru,99,196,196,0,0,97,True,True,False,199,False,H/6,"Az Országgyűlés bizottságainak létrehozásáról, tagjainak és tisztségviselőinek megválasztásáról"
43,2026.05.09.14:37:36,2026-05-09,14:37,abszolut,100,199,140,54,1,40,True,True,True,141,False,S/12,A miniszterelnök megválasztásáról
43,2026.05.26.15:04:20,2026-05-26,15:04,abszolut,100,199,139,48,0,39,True,True,True,141,False,T/71,"Az Egyesült Nemzetek Diplomáciai Konferenciája által, a Nemzetközi Büntetőbíróság Rómában, 1998. július 17-én elfogadott Statútumának, és a Nemzetközi Büntetőbíróság kiváltságairól és mentességeiről szóló, New Yorkban, 2002. szeptember 10-én elfogadott Megállapodás felmondásának visszavonásáról"
43,2026.05.26.15:15:08,2026-05-26,15:15,egyszeru,95,189,138,50,1,43,True,True,False,140,False,I/49,Meddig volt őszinte a 480 forintos benzinár ígérete?
43,2026.05.26.15:25:47,2026-05-26,15:25,egyszeru,96,190,140,49,0,44,True,True,False,141,False,I/36,Az Európai Unió Bíróságának döntése után hogyan védi meg a kormány a magyar gyerekek és szülők érdekeit?
43,2026.05.26.15:34:13,2026-05-26,15:34,egyszeru,96,190,140,19,28,44,True,True,False,141,False,I/32,"Miért törölték el a Meta reklámadóját a Tisza és a Fidesz négyötödös paktumával, vitát sem engedve?"
43,2026.05.26.15:43:09,2026-05-26,15:43,egyszeru,96,190,139,47,0,43,True,True,False,141,False,I/50,Elfogadható-e a közjogi méltóságok fenyegetése és a személyre szabott jogalkotás?
43,2026.05.26.15:52:39,2026-05-26,15:52,egyszeru,96,190,138,42,6,42,True,True,False,140,False,I/35,Mi a Kormány terve a Migrációs Paktum kapcsán?
43,2026.05.26.16:03:19,2026-05-26,16:03,egyszeru,97,192,139,48,0,42,True,True,False,141,False,I/47,Miért tervezik a mindennapos testnevelés eltörlését?
43,2026.05.26.16:11:58,2026-05-26,16:11,egyszeru,97,192,139,51,0,42,True,True,False,141,False,I/37,Milyen irányt vesz az oktatáspolitika?
43,2026.05.26.16:16:54,2026-05-26,16:16,egyszeru,97,193,139,43,7,42,True,True,False,141,False,54/2,A Végrehajtási Visszaéléseket Feltáró Vizsgálóbizottság felállításáról
43,2026.05.26.16:17:31,2026-05-26,16:17,egyszeru,97,193,7,140,43,-90,False,False,False,7,False,54/4,A Végrehajtási Visszaéléseket Feltáró Vizsgálóbizottság felállításáról
43,2026.05.26.16:18:12,2026-05-26,16:18,egyszeru,97,193,145,46,1,48,True,True,False,147,False,H/54,A Végrehajtási Visszaéléseket Feltáró Vizsgálóbizottság felállításáról
43,2026.05.26.16:19:08,2026-05-26,16:19,egyszeru,97,193,140,46,7,43,True,True,False,141,False,55/2,Az MNB Működésével Kapcsolatos Visszaéléseit Feltáró Vizsgálóbizottság felállításáról
43,2026.05.26.16:19:45,2026-05-26,16:19,egyszeru,97,193,146,43,2,49,True,True,False,147,False,H/55,Az MNB Működésével Kapcsolatos Visszaéléseit Feltáró Vizsgálóbizottság felállításáról
43,2026.05.26.16:20:44,2026-05-26,16:20,egyszeru,97,193,140,46,7,43,True,True,False,141,False,56/2,A Spontán Privatizációt és a Közvagyon Elvesztését Feltáró Vizsgálóbizottság felállításáról
43,2026.05.26.16:21:16,2026-05-26,16:21,egyszeru,97,193,53,139,1,-44,False,False,False,58,False,56/4,A Spontán Privatizációt és a Közvagyon Elvesztését Feltáró Vizsgálóbizottság felállításáról
43,2026.05.26.16:21:59,2026-05-26,16:21,egyszeru,97,193,146,45,2,49,True,True,False,147,False,H/56,A Spontán Privatizációt és a Közvagyon Elvesztését Feltáró Vizsgálóbizottság felállításáról
43,2026.05.26.16:22:51,2026-05-26,16:22,egyszeru,97,193,140,46,7,43,True,True,False,141,False,57/2,A Kegyelmi Botrány Felelőseit Feltáró Vizsgálóbizottság felállításáról
43,2026.05.26.16:23:24,2026-05-26,16:23,egyszeru,97,193,147,42,2,50,True,True,False,148,False,H/57,A Kegyelmi Botrány Felelőseit Feltáró Vizsgálóbizottság felállításáról
43,2026.05.26.16:24:18,2026-05-26,16:24,egyszeru,97,193,139,46,7,42,True,True,False,141,False,58/2,A Gyermekvédelem Rendszerszintű Válságát Feltáró Vizsgálóbizottság felállításáról
43,2026.05.26.16:24:52,2026-05-26,16:24,egyszeru,97,193,145,24,23,48,True,True,False,147,False,H/58,A Gyermekvédelem Rendszerszintű Válságát Feltáró Vizsgálóbizottság felállításáról
43,2026.05.26.16:31:45,2026-05-26,16:31,ketharmad_jelenlevo,128,192,9,178,5,-119,False,False,True,9,False,H/84,Kocsis Máté országgyűlési képviselő mentelmi ügyében
43,2026.05.26.16:33:43,2026-05-26,16:33,egyszeru,96,190,187,1,0,91,True,True,False,198,False,S/83,"Az Országgyűlés bizottságainak létrehozásáról, tagjainak és tisztségviselőinek megválasztásáról szóló 17/2026. (V. 9.) OGY határozat módosításáról"
43,2026.05.27.10:34:05,2026-05-27,10:34,egyszeru,91,181,131,2,39,40,True,True,False,141,False,T/71,"Az Egyesült Nemzetek Diplomáciai Konferenciája által, a Nemzetközi Büntetőbíróság Rómában, 1998. július 17-én elfogadott Statútumának, és a Nemzetközi Büntetőbíróság kiváltságairól és mentességeiről szóló, New Yorkban, 2002. szeptember 10-én elfogadott Megállapodás felmondásának visszavonásáról"
43,2026.05.27.10:34:43,2026-05-27,10:34,egyszeru,92,182,133,37,5,41,True,True,False,141,False,T/71,"Az Egyesült Nemzetek Diplomáciai Konferenciája által, a Nemzetközi Büntetőbíróság Rómában, 1998. július 17-én elfogadott Statútumának, és a Nemzetközi Büntetőbíróság kiváltságairól és mentességeiről szóló, New Yorkban, 2002. szeptember 10-én elfogadott Megállapodás felmondásának visszavonásáról"
43,2026.06.01.15:48:18,2026-06-01,15:48,negyotod_jelenlevo,151,188,187,0,1,36,True,True,True,198,False,T/100,Az Országgyűlésről szóló 2012. évi XXXVI. törvény és az azzal összefüggő egyes törvények költségcsökkentéssel kapcsolatos módosításáról
43,2026.06.01.15:52:26,2026-06-01,15:52,egyszeru,94,187,187,0,0,93,True,True,False,199,False,S/118,"Az Országgyűlés bizottságainak létrehozásáról, tagjainak és tisztségviselőinek megválasztásáról szóló 17/2026. (V. 9.) OGY határozat módosításáról"
43,2026.06.01.16:02:22,2026-06-01,16:02,egyszeru,91,181,116,43,0,25,True,True,False,141,False,I/94,Ki védi meg a szülők jogait a gyermekek szexuális nevelésében?
43,2026.06.01.16:12:27,2026-06-01,16:12,egyszeru,92,182,119,44,0,27,True,True,False,141,False,I/93,Üzenhetnek-e a magzati korú gyermekek?
43,2026.06.01.16:21:45,2026-06-01,16:21,egyszeru,92,182,129,11,29,37,True,True,False,141,False,I/34,Kártalanítják-e a Covid-károsultakat?
43,2026.06.01.16:30:34,2026-06-01,16:30,egyszeru,92,182,129,36,0,37,True,True,False,141,False,I/95,Az elmúlt egy hónapban miért omlott össze a gabonapiac?
43,2026.06.01.16:39:47,2026-06-01,16:39,egyszeru,92,182,128,39,1,36,True,True,False,140,False,I/39,"Továbbra is érvényben tartják-e, hogy a férfi és a nő biológiailag meghatározott?"
43,2026.06.01.16:59:54,2026-06-01,16:59,egyszeru,91,180,129,37,5,38,True,True,False,141,False,I/92,"Közeleg a mohácsi csata 500-dik évfordulója, hogyan kíván emlékezni a kormány a mohácsi hősökre?"
43,2026.06.08.15:07:12,2026-06-08,15:07,egyszeru,96,190,142,1,43,46,True,True,False,147,False,S/150,Az MNB Működésével Kapcsolatos Visszaéléseit Feltáró Vizsgálóbizottság tagjainak és tisztségviselőinek megválasztásáról
43,2026.06.08.15:07:59,2026-06-08,15:07,egyszeru,96,191,142,0,45,46,True,True,False,147,False,S/151,A Spontán Privatizációt és a Közvagyon Elvesztését Feltáró Vizsgálóbizottság tagjainak és tisztségviselőinek megválasztásáról
43,2026.06.08.15:08:46,2026-06-08,15:08,egyszeru,96,191,142,0,45,46,True,True,False,147,False,S/152,A Kegyelmi Botrány Felelőseit Feltáró Vizsgálóbizottság tagjainak és tisztségviselőinek megválasztásáról
43,2026.06.08.15:09:32,2026-06-08,15:09,egyszeru,96,191,143,0,44,47,True,True,False,147,False,S/153,A Gyermekvédelem Rendszerszintű Válságát Feltáró Vizsgálóbizottság tagjainak és tisztségviselőinek megválasztásáról
43,2026.06.08.15:10:43,2026-06-08,15:10,ketharmad_jelenlevo,128,191,189,0,0,61,True,True,True,199,False,T/100,Az Országgyűlésről szóló 2012. évi XXXVI. törvény és az azzal összefüggő egyes törvények költségcsökkentéssel kapcsolatos módosításáról
43,2026.06.08.15:11:22,2026-06-08,15:11,egyszeru,96,191,189,0,0,93,True,True,False,199,False,T/100,Az Országgyűlésről szóló 2012. évi XXXVI. törvény és az azzal összefüggő egyes törvények költségcsökkentéssel kapcsolatos módosításáról
43,2026.06.08.15:12:17,2026-06-08,15:12,ketharmad_jelenlevo,128,191,189,0,0,61,True,True,True,199,False,T/100,Az Országgyűlésről szóló 2012. évi XXXVI. törvény és az azzal összefüggő egyes törvények költségcsökkentéssel kapcsolatos módosításáról
43,2026.06.08.15:12:50,2026-06-08,15:12,egyszeru,96,191,189,0,0,93,True,True,False,199,False,T/100,Az Országgyűlésről szóló 2012. évi XXXVI. törvény és az azzal összefüggő egyes törvények költségcsökkentéssel kapcsolatos módosításáról
43,2026.06.08.15:21:20,2026-06-08,15:21,egyszeru,94,187,122,47,0,28,True,True,False,141,False,I/128,Miért kerüli a témát?
43,2026.06.08.15:30:22,2026-06-08,15:30,egyszeru,94,186,126,44,5,32,True,True,False,140,False,I/132,Fontos Önöknek a gyermekek digitális eszközök káros hatásaitól történő megvédése?”
43,2026.06.08.15:39:11,2026-06-08,15:39,egyszeru,94,187,126,47,1,32,True,True,False,140,False,I/125,Kiállnak-e az ingatlanmaffia áldozataiért?
43,2026.06.08.15:57:01,2026-06-08,15:57,egyszeru,93,184,127,44,0,34,True,True,False,142,False,I/131,Önök milyen számokat néznek?
43,2026.06.08.16:04:34,2026-06-08,16:04,egyszeru,93,185,132,47,0,39,True,True,False,141,False,I/133,Két igen és két nem? A Tisza-kormány mit gondol az azonos neműek házasságáról?
43,2026.06.08.16:13:27,2026-06-08,16:13,egyszeru,93,185,131,45,0,38,True,True,False,141,False,I/126,Mit terveznek a magánegészségüggyel és az orvosbárókkal?
43,2026.06.08.17:06:37,2026-06-08,17:06,egyszeru,93,185,181,0,0,88,True,True,False,199,False,T/52,Egyes tisztességtelen fogyasztói szerződések jogkövetkezményeit rendező törvények felülvizsgálata érdekében az érintett folyamatban lévő eljárások kezeléséről
43,2026.06.08.17:07:09,2026-06-08,17:07,egyszeru,94,186,183,0,0,89,True,True,False,199,False,T/52,Egyes tisztességtelen fogyasztói szerződések jogkövetkezményeit rendező törvények felülvizsgálata érdekében az érintett folyamatban lévő eljárások kezeléséről
43,2026.06.15.15:29:47,2026-06-15,15:29,egyszeru,97,193,187,0,0,90,True,True,False,199,False,,
43,2026.06.15.15:31:42,2026-06-15,15:31,ketharmad_jelenlevo,129,193,142,50,0,13,True,True,True,147,False,200/3,"A médiaszolgáltatásokról és a tömegkommunikációról szóló 2010. évi CLXXXV. törvény, valamint más, kapcsolódó törvények módosításáról"
43,2026.06.15.15:34:09,2026-06-15,15:34,ketharmad_jelenlevo,129,193,143,50,0,14,True,True,True,147,False,170/1,Az egyes házszabályi rendelkezésekről szóló 10/2014. (II. 24.) OGY határozat módosításáról
43,2026.06.15.15:36:32,2026-06-15,15:36,egyszeru,97,193,192,0,1,95,True,True,False,198,False,S/210,"Az Országgyűlés bizottságainak létrehozásáról, tagjainak és tisztségviselőinek megválasztásáról szóló 17/2026. (V. 9.) OGY határozat módosításáról"
43,2026.06.15.15:54:35,2026-06-15,15:54,egyszeru,96,190,110,46,6,14,True,True,False,141,False,I/182,Mi lesz a Határtalanul Program jövője?
43,2026.06.15.16:04:38,2026-06-15,16:04,egyszeru,96,191,108,50,2,12,True,True,False,139,False,I/176,"Egy anya üzenete, akinek gyermekét a szívhangrendelet megmentette"
43,2026.06.15.16:19:29,2026-06-15,16:19,egyszeru,96,191,117,48,2,21,True,True,False,139,False,I/183,Mi a Kormány terve a kormányhivatalokkal?
43,2026.06.15.16:26:45,2026-06-15,16:26,egyszeru,97,192,123,48,1,26,True,True,False,141,False,I/127,Folytatódik-e a kétgyermekes anyák szja-mentességének kiterjesztése 2027-től az 50 év alattiak tekintetében?
43,2026.06.15.17:19:04,2026-06-15,17:19,ketharmad_osszes,133,199,134,50,6,1,True,True,True,141,False,51/10,Magyarország Alaptörvényének tizenhatodik módosítása
43,2026.06.15.17:20:04,2026-06-15,17:20,ketharmad_osszes,133,199,135,50,6,2,True,True,True,141,False,T/51,Magyarország Alaptörvényének tizenhatodik módosítása
43,2026.06.15.17:21:24,2026-06-15,17:21,egyszeru,98,195,142,0,50,44,True,True,False,147,False,H/175,A Végrehajtási Visszaéléseket Feltáró Vizsgálóbizottság felállításáról szóló 22/2026. (V. 27.) OGY határozat módosításáról
43,2026.06.15.17:22:13,2026-06-15,17:22,egyszeru,98,195,141,0,52,43,True,True,False,145,False,S/206,A Végrehajtási Visszaéléseket Feltáró Vizsgálóbizottság tagjainak és tisztségviselőinek megválasztásáról
43,2026.06.15.17:31:46,2026-06-15,17:31,ketharmad_jelenlevo,129,193,6,181,3,-123,False,False,True,6,False,H/224,Toroczkai László országgyűlési képviselő mentelmi ügyében
43,2026.06.16.10:39:50,2026-06-16,10:39,ketharmad_jelenlevo,120,180,141,34,2,21,True,True,True,147,False,T/174,Az európai uniós forrásokhoz való hozzáférés érdekében szükséges egyes törvények módosításáról
43,2026.06.22.15:40:37,2026-06-22,15:40,abszolut,100,199,139,52,0,39,True,True,True,141,False,T/245,Az árak megállapításáról szóló 1990. évi LXXXVII. törvény és a behozott kőolaj és kőolajtermékek biztonsági készletezéséről szóló 2013. évi XXIII. törvény módosításáról
43,2026.06.22.15:42:25,2026-06-22,15:42,abszolut,100,199,144,46,0,44,True,True,True,147,False,T/229,"Az egyes felsőoktatási, családügyi és kulturális tárgyú törvények módosításáról szóló 2024. évi LXXVI. törvény módosításáról"
43,2026.06.22.15:44:24,2026-06-22,15:44,ketharmad_jelenlevo,128,191,139,52,0,11,True,True,True,141,False,T/253,A Magyarország helyi önkormányzatairól szóló 2011. évi CLXXXIX. törvénynek a polgármesteri és vármegyei közgyűlési elnöki javadalmazás korlátozásával összefüggő módosításáról
43,2026.06.22.15:57:28,2026-06-22,15:57,egyszeru,93,184,130,44,0,37,True,True,False,142,False,I/238,Veszélyben a vidéki kórházak?
43,2026.06.22.16:07:12,2026-06-22,16:07,egyszeru,91,181,115,45,2,24,True,True,False,139,False,I/184,Hozzáférhetővé teszi-e a kormány az abortusztablettát?
43,2026.06.22.16:16:41,2026-06-22,16:16,egyszeru,92,182,120,45,0,28,True,True,False,141,False,I/234,Mátészalka gyászba' van! A szülészet zárva van!
43,2026.06.22.16:34:34,2026-06-22,16:34,egyszeru,91,180,120,46,0,29,True,True,False,142,False,I/239,A TISZA-kormány hajlandó-e megépíteni az alföldi oldalon is a 2x2 sávos utat?
43,2026.06.22.16:43:58,2026-06-22,16:43,egyszeru,91,180,118,47,0,27,True,True,False,141,False,I/237,Visszautasítja a kormány az Amnesty International és a Helsinki Bizottság követeléseit a migráció kapcsán?
43,2026.06.23.10:33:27,2026-06-23,10:33,ketharmad_jelenlevo,123,184,39,138,6,-84,False,False,True,53,False,53/4,Az Országgyűlés vizsgálóbizottságai munkájának hatékonyabbá tételéről
43,2026.06.23.10:34:25,2026-06-23,10:34,ketharmad_jelenlevo,123,184,139,44,0,16,True,True,True,141,False,53/16,Az Országgyűlés vizsgálóbizottságai munkájának hatékonyabbá tételéről
43,2026.06.23.10:35:01,2026-06-23,10:35,egyszeru,93,184,139,44,0,46,True,True,False,141,False,53/16,Az Országgyűlés vizsgálóbizottságai munkájának hatékonyabbá tételéről
43,2026.06.23.10:35:56,2026-06-23,10:35,ketharmad_jelenlevo,123,184,145,38,0,22,True,True,True,147,False,T/53,Az Országgyűlés vizsgálóbizottságai munkájának hatékonyabbá tételéről
43,2026.06.23.10:36:33,2026-06-23,10:36,egyszeru,93,184,145,38,0,52,True,True,False,147,False,T/53,Az Országgyűlés vizsgálóbizottságai munkájának hatékonyabbá tételéről
43,2026.06.23.10:39:06,2026-06-23,10:39,egyszeru,93,185,139,45,0,46,True,True,False,141,False,122/9,"A gyűlöletkeltésre alkalmas politikai reklámok visszaszorításáról, a gazdasági reklámok településképi illeszkedésének biztosításáról, valamint egyes beruházási szabályok módosításáról"
43,2026.06.23.10:40:01,2026-06-23,10:40,ketharmad_jelenlevo,124,185,139,45,0,15,True,True,True,141,False,122/10,"A gyűlöletkeltésre alkalmas politikai reklámok visszaszorításáról, a gazdasági reklámok településképi illeszkedésének biztosításáról, valamint egyes beruházási szabályok módosításáról"
43,2026.06.23.10:40:39,2026-06-23,10:40,egyszeru,93,185,139,39,6,46,True,True,False,141,False,122/9,"A gyűlöletkeltésre alkalmas politikai reklámok visszaszorításáról, a gazdasági reklámok településképi illeszkedésének biztosításáról, valamint egyes beruházási szabályok módosításáról"
43,2026.06.23.10:41:26,2026-06-23,10:41,egyszeru,93,185,46,138,0,-47,False,False,False,59,False,122/3,"A gyűlöletkeltésre alkalmas politikai reklámok visszaszorításáról, a gazdasági reklámok településképi illeszkedésének biztosításáról, valamint egyes beruházási szabályok módosításáról"
43,2026.06.23.10:42:16,2026-06-23,10:42,ketharmad_jelenlevo,124,185,139,39,6,15,True,True,True,141,False,122/8,"A gyűlöletkeltésre alkalmas politikai reklámok visszaszorításáról, a gazdasági reklámok településképi illeszkedésének biztosításáról, valamint egyes beruházási szabályok módosításáról"
43,2026.06.23.10:42:51,2026-06-23,10:42,egyszeru,93,185,139,39,6,46,True,True,False,141,False,122/8,"A gyűlöletkeltésre alkalmas politikai reklámok visszaszorításáról, a gazdasági reklámok településképi illeszkedésének biztosításáról, valamint egyes beruházási szabályok módosításáról"
43,2026.06.23.10:44:01,2026-06-23,10:44,ketharmad_jelenlevo,124,185,145,39,0,21,True,True,True,147,False,122/12,"A gyűlöletkeltésre alkalmas politikai reklámok visszaszorításáról, a gazdasági reklámok településképi illeszkedésének biztosításáról, valamint egyes beruházási szabályok módosításáról"
43,2026.06.23.10:44:38,2026-06-23,10:44,egyszeru,93,185,145,39,0,52,True,True,False,147,False,122/12,"A gyűlöletkeltésre alkalmas politikai reklámok visszaszorításáról, a gazdasági reklámok településképi illeszkedésének biztosításáról, valamint egyes beruházási szabályok módosításáról"
43,2026.06.23.10:46:23,2026-06-23,10:46,ketharmad_jelenlevo,124,185,145,38,0,21,True,True,True,147,False,200/10,"A médiaszolgáltatásokról és a tömegkommunikációról szóló 2010. évi CLXXXV. törvény, valamint más, kapcsolódó törvények módosításáról"
43,2026.06.23.10:46:58,2026-06-23,10:46,egyszeru,93,185,145,39,0,52,True,True,False,147,False,200/10,"A médiaszolgáltatásokról és a tömegkommunikációról szóló 2010. évi CLXXXV. törvény, valamint más, kapcsolódó törvények módosításáról"
43,2026.06.23.10:47:50,2026-06-23,10:47,ketharmad_jelenlevo,124,185,145,39,0,21,True,True,True,147,False,200/12,"A médiaszolgáltatásokról és a tömegkommunikációról szóló 2010. évi CLXXXV. törvény, valamint más, kapcsolódó törvények módosításáról"
43,2026.06.23.10:48:26,2026-06-23,10:48,egyszeru,93,185,145,39,0,52,True,True,False,147,False,200/12,"A médiaszolgáltatásokról és a tömegkommunikációról szóló 2010. évi CLXXXV. törvény, valamint más, kapcsolódó törvények módosításáról"
43,2026.06.23.10:50:07,2026-06-23,10:50,egyszeru,93,185,44,139,0,-49,False,False,False,57,False,174/4,Az európai uniós forrásokhoz való hozzáférés érdekében szükséges egyes törvények módosításáról
43,2026.06.23.10:50:45,2026-06-23,10:50,egyszeru,93,185,39,139,6,-54,False,False,False,52,False,174/5,Az európai uniós forrásokhoz való hozzáférés érdekében szükséges egyes törvények módosításáról
43,2026.06.23.10:51:37,2026-06-23,10:51,ketharmad_jelenlevo,124,185,140,38,6,16,True,True,True,142,False,174/10,Az európai uniós forrásokhoz való hozzáférés érdekében szükséges egyes törvények módosításáról
43,2026.06.23.10:52:18,2026-06-23,10:52,egyszeru,93,185,139,39,6,46,True,True,False,141,False,174/10,Az európai uniós forrásokhoz való hozzáférés érdekében szükséges egyes törvények módosításáról
43,2026.06.23.10:53:09,2026-06-23,10:53,ketharmad_jelenlevo,124,185,142,39,3,18,True,True,True,144,False,174/13,Az európai uniós forrásokhoz való hozzáférés érdekében szükséges egyes törvények módosításáról
43,2026.06.23.10:53:53,2026-06-23,10:53,egyszeru,94,186,142,39,3,48,True,True,False,144,False,174/13,Az európai uniós forrásokhoz való hozzáférés érdekében szükséges egyes törvények módosításáról
43,2026.06.23.10:55:41,2026-06-23,10:55,ketharmad_jelenlevo,124,186,46,139,0,-78,False,False,True,58,False,170/3,Az egyes házszabályi rendelkezésekről szóló 10/2014. (II. 24.) OGY határozat módosításáról
43,2026.06.23.10:56:28,2026-06-23,10:56,ketharmad_jelenlevo,124,186,145,40,0,21,True,True,True,147,False,H/170,Az egyes házszabályi rendelkezésekről szóló 10/2014. (II. 24.) OGY határozat módosításáról
43,2026.06.23.12:33:06,2026-06-23,12:33,egyszeru,88,175,132,35,5,44,True,True,False,142,False,245/3,Az árak megállapításáról szóló 1990. évi LXXXVII. törvény és a behozott kőolaj és kőolajtermékek biztonsági készletezéséről szóló 2013. évi XXIII. törvény módosításáról
43,2026.06.23.12:33:52,2026-06-23,12:33,egyszeru,88,175,130,36,5,42,True,True,False,141,False,T/245,Az árak megállapításáról szóló 1990. évi LXXXVII. törvény és a behozott kőolaj és kőolajtermékek biztonsági készletezéséről szóló 2013. évi XXIII. törvény módosításáról
43,2026.06.23.14:24:32,2026-06-23,14:24,egyszeru,82,163,123,30,6,41,True,True,False,141,False,T/229,"Az egyes felsőoktatási, családügyi és kulturális tárgyú törvények módosításáról szóló 2024. évi LXXVI. törvény módosításáról"
43,2026.06.29.15:46:56,2026-06-29,15:46,negyotod_jelenlevo,152,190,190,0,0,38,True,True,True,199,False,H/271,Interparlamentáris Unió Magyar Nemzeti Csoportjának megalakításáról
43,2026.06.29.15:49:04,2026-06-29,15:49,ketharmad_jelenlevo,127,190,137,7,46,10,True,True,True,141,False,T/289,"A Magyar Fejlesztési Bank Részvénytársaságról szóló 2001. évi XX. törvény módosításáról, valamint a fővárosi önkormányzat csődjének elkerülését szolgáló hitel nyújtásáról szóló 2025. évi CXXXIV. törvény hatályon kívül helyezéséről"
43,2026.06.29.15:50:50,2026-06-29,15:50,ketharmad_jelenlevo,127,190,185,1,4,58,True,True,True,194,False,T/274,Az elmúlt rendszer titkosszolgálati tevékenységének feltárásáról és az Állambiztonsági Szolgálatok Történeti Levéltára létrehozásáról szóló 2003. évi III. törvény módosításáról
43,2026.06.29.15:59:30,2026-06-29,15:59,egyszeru,93,185,124,52,0,31,True,True,False,141,False,I/280,Ki védi meg a gyermekeket a politikától?
43,2026.06.29.16:16:05,2026-06-29,16:16,egyszeru,94,187,128,26,23,34,True,True,False,141,False,I/233,Miért nem vizsgálják felül a korrupciót szolgáló veszélyhelyzeti rendeleteket?
43,2026.06.29.16:33:26,2026-06-29,16:33,egyszeru,92,182,123,49,1,31,True,True,False,140,False,I/279,Ez már a jobb közigazgatás?
43,2026.06.29.16:43:04,2026-06-29,16:43,egyszeru,90,179,118,49,1,28,True,True,False,141,False,I/278,"A Kormány milyen konkrét intézkedéseket tervez annak érdekében, hogy Magyarország továbbra is megőrizze GMO-mentes mezőgazdasági stratégiáját?"
43,2026.06.29.16:52:37,2026-06-29,16:52,egyszeru,89,177,119,47,0,30,True,True,False,141,False,I/177,Segítik-e a válságba került gazdákat?
43,2026.06.30.10:43:59,2026-06-30,10:43,egyszeru,94,187,135,45,6,41,True,True,False,141,False,123/5,A Szuverenitásvédelmi Hivatal megszüntetéséről
43,2026.06.30.10:44:57,2026-06-30,10:44,ketharmad_jelenlevo,125,187,135,44,6,10,True,True,True,141,False,123/7,A Szuverenitásvédelmi Hivatal megszüntetéséről
43,2026.06.30.10:45:32,2026-06-30,10:45,egyszeru,94,187,135,44,6,41,True,True,False,141,False,123/7,A Szuverenitásvédelmi Hivatal megszüntetéséről
43,2026.06.30.10:46:58,2026-06-30,10:46,egyszeru,94,187,51,135,0,-43,False,False,False,58,False,253/4,A Magyarország helyi önkormányzatairól szóló 2011. évi CLXXXIX. törvénynek a polgármesteri és vármegyei közgyűlési elnöki javadalmazás korlátozásával összefüggő módosításáról
43,2026.06.30.10:48:19,2026-06-30,10:48,egyszeru,94,187,136,50,0,42,True,True,False,142,False,253/9,A Magyarország helyi önkormányzatairól szóló 2011. évi CLXXXIX. törvénynek a polgármesteri és vármegyei közgyűlési elnöki javadalmazás korlátozásával összefüggő módosításáról
43,2026.06.30.10:49:14,2026-06-30,10:49,ketharmad_jelenlevo,125,187,135,51,0,10,True,True,True,141,False,253/11,A Magyarország helyi önkormányzatairól szóló 2011. évi CLXXXIX. törvénynek a polgármesteri és vármegyei közgyűlési elnöki javadalmazás korlátozásával összefüggő módosításáról
43,2026.06.30.10:49:50,2026-06-30,10:49,egyszeru,94,187,136,50,0,42,True,True,False,142,False,253/11,A Magyarország helyi önkormányzatairól szóló 2011. évi CLXXXIX. törvénynek a polgármesteri és vármegyei közgyűlési elnöki javadalmazás korlátozásával összefüggő módosításáról
43,2026.06.30.10:50:51,2026-06-30,10:50,egyszeru,94,187,185,1,0,91,True,True,False,198,False,H/271,Interparlamentáris Unió Magyar Nemzeti Csoportjának megalakításáról
43,2026.07.06.14:22:31,2026-07-06,14:22,ketharmad_jelenlevo,127,190,137,52,0,10,True,True,True,141,False,T/324,Magyarország Alaptörvényének tizenhetedik módosítása
43,2026.07.06.14:33:11,2026-07-06,14:33,egyszeru,95,189,133,47,5,38,True,True,False,141,False,I/312,Önkényuralom készül?
43,2026.07.06.14:42:13,2026-07-06,14:42,egyszeru,94,187,132,49,0,38,True,True,False,142,False,I/281,Meghallja a Tisza-kormány a Független Benzinkutak Szövetségének a kérését?
43,2026.07.06.14:49:17,2026-07-06,14:49,egyszeru,94,186,130,49,1,36,True,True,False,141,False,I/178,Teljesítik-e a szociális dolgozók kérését?
43,2026.07.06.15:02:51,2026-07-06,15:02,egyszeru,94,187,134,49,0,40,True,True,False,141,False,I/313,Válaszra várva: Ki védi meg a gyermekeket a politikától?
43,2026.07.06.15:12:34,2026-07-06,15:12,egyszeru,94,187,135,49,0,41,True,True,False,141,False,I/309,"Ki adja vissza a társasházban lakóknak, amit a Tisza-kormány elvett tőlük?"
43,2026.07.06.15:21:51,2026-07-06,15:21,egyszeru,94,186,134,49,1,40,True,True,False,141,False,I/275,Sürgősen javítanak-e a sürgősségi betegellátás helyzetén?
43,2026.07.07.09:49:06,2026-07-07,09:49,egyszeru,94,187,186,0,0,92,True,True,False,199,False,274/11,Az elmúlt rendszer titkosszolgálati tevékenységének feltárásáról és az Állambiztonsági Szolgálatok Történeti Levéltára létrehozásáról szóló 2003. évi III. törvény módosításáról
43,2026.07.07.09:50:02,2026-07-07,09:50,ketharmad_jelenlevo,126,188,187,0,0,61,True,True,True,199,False,274/12,Az elmúlt rendszer titkosszolgálati tevékenységének feltárásáról és az Állambiztonsági Szolgálatok Történeti Levéltára létrehozásáról szóló 2003. évi III. törvény módosításáról
43,2026.07.07.09:50:53,2026-07-07,09:50,ketharmad_jelenlevo,126,188,188,0,0,62,True,True,True,199,False,274/11,Az elmúlt rendszer titkosszolgálati tevékenységének feltárásáról és az Állambiztonsági Szolgálatok Történeti Levéltára létrehozásáról szóló 2003. évi III. törvény módosításáról
43,2026.07.07.09:51:28,2026-07-07,09:51,egyszeru,95,188,188,0,0,93,True,True,False,199,False,274/11,Az elmúlt rendszer titkosszolgálati tevékenységének feltárásáról és az Állambiztonsági Szolgálatok Történeti Levéltára létrehozásáról szóló 2003. évi III. törvény módosításáról
43,2026.07.07.09:52:13,2026-07-07,09:52,egyszeru,95,188,47,141,0,-48,False,False,False,52,False,274/5,Az elmúlt rendszer titkosszolgálati tevékenységének feltárásáról és az Állambiztonsági Szolgálatok Történeti Levéltára létrehozásáról szóló 2003. évi III. törvény módosításáról
43,2026.07.07.09:52:49,2026-07-07,09:52,egyszeru,95,188,188,0,0,93,True,True,False,199,False,274/10,Az elmúlt rendszer titkosszolgálati tevékenységének feltárásáról és az Állambiztonsági Szolgálatok Történeti Levéltára létrehozásáról szóló 2003. évi III. törvény módosításáról
43,2026.07.07.09:53:57,2026-07-07,09:53,ketharmad_jelenlevo,126,188,180,0,8,54,True,True,True,191,False,274/15,Az elmúlt rendszer titkosszolgálati tevékenységének feltárásáról és az Állambiztonsági Szolgálatok Történeti Levéltára létrehozásáról szóló 2003. évi III. törvény módosításáról
43,2026.07.07.09:54:39,2026-07-07,09:54,egyszeru,95,188,188,0,0,93,True,True,False,199,False,274/15,Az elmúlt rendszer titkosszolgálati tevékenységének feltárásáról és az Állambiztonsági Szolgálatok Történeti Levéltára létrehozásáról szóló 2003. évi III. törvény módosításáról
43,2026.07.07.09:55:41,2026-07-07,09:55,egyszeru,95,188,135,0,53,40,True,True,False,141,False,T/168,A pedagógusok teljesítményértékelésének megújításához szükséges törvényi rendelkezésekről
43,2026.07.07.09:56:39,2026-07-07,09:56,egyszeru,95,188,182,0,6,87,True,True,False,193,False,173/7,Egyes pénzügyi szektort érintő törvények jogharmonizációs célú módosításáról
43,2026.07.07.09:57:13,2026-07-07,09:57,egyszeru,95,188,182,0,6,87,True,True,False,193,False,173/9,Egyes pénzügyi szektort érintő törvények jogharmonizációs célú módosításáról
43,2026.07.07.09:58:22,2026-07-07,09:58,egyszeru,95,188,145,1,42,50,True,True,False,152,False,289/8,"A Magyar Fejlesztési Bank Részvénytársaságról szóló 2001. évi XX. törvény módosításáról, valamint a fővárosi önkormányzat csődjének elkerülését szolgáló hitel nyújtásáról szóló 2025. évi CXXXIV. törvény hatályon kívül helyezéséről"
43,2026.07.07.09:59:13,2026-07-07,09:59,ketharmad_jelenlevo,126,188,136,1,51,10,True,True,True,142,False,289/10,"A Magyar Fejlesztési Bank Részvénytársaságról szóló 2001. évi XX. törvény módosításáról, valamint a fővárosi önkormányzat csődjének elkerülését szolgáló hitel nyújtásáról szóló 2025. évi CXXXIV. törvény hatályon kívül helyezéséről"
43,2026.07.07.09:59:52,2026-07-07,09:59,egyszeru,95,188,135,1,51,40,True,True,False,141,False,289/10,"A Magyar Fejlesztési Bank Részvénytársaságról szóló 2001. évi XX. törvény módosításáról, valamint a fővárosi önkormányzat csődjének elkerülését szolgáló hitel nyújtásáról szóló 2025. évi CXXXIV. törvény hatályon kívül helyezéséről"
43,2026.07.13.15:12:57,2026-07-13,15:12,ketharmad_jelenlevo,93,139,137,0,1,44,True,True,True,146,False,T/357,A Nemzeti Vagyonvisszaszerzési és Vagyonvédelmi Hivatalról
43,2026.07.13.15:15:02,2026-07-13,15:15,ketharmad_jelenlevo,96,144,138,0,6,42,True,True,True,141,False,T/359,Magyarország Helyreállítási és Ellenállóképességi Tervében szereplő energetikai tárgyú vállalások teljesítéséhez szükséges törvények módosításáról
43,2026.07.13.15:17:06,2026-07-13,15:17,egyszeru,73,145,145,0,0,72,True,True,False,147,False,S/364,"Az Országgyűlés bizottságainak létrehozásáról, tagjainak és tisztségviselőinek megválasztásáról szóló 17/2026. (V. 9.) OGY határozat módosításáról"
43,2026.07.13.15:24:35,2026-07-13,15:24,egyszeru,73,145,139,6,0,66,True,True,False,141,False,I/343,Hogyan és mikor rendezik a NOKS-munkatársak bérét?
43,2026.07.13.15:40:29,2026-07-13,15:40,egyszeru,73,145,139,6,0,66,True,True,False,141,False,I/338,A szakszervezetek számíthatnak-e valódi érdekegyeztetésre?
43,2026.07.13.15:56:58,2026-07-13,15:56,egyszeru,72,143,137,6,0,65,True,True,False,141,False,I/228,Mikor lesz átfogó reform a MÁV-nál?
43,2026.07.13.18:16:02,2026-07-13,18:16,ketharmad_osszes,133,199,6,139,0,-127,False,False,True,6,False,324/4,Magyarország Alaptörvényének tizenhetedik módosítása
43,2026.07.13.18:16:48,2026-07-13,18:16,ketharmad_osszes,133,199,6,139,0,-127,False,False,True,6,False,324/6,Magyarország Alaptörvényének tizenhetedik módosítása
43,2026.07.13.18:17:32,2026-07-13,18:17,ketharmad_osszes,133,199,6,139,0,-127,False,False,True,6,False,324/5,Magyarország Alaptörvényének tizenhetedik módosítása
43,2026.07.13.18:18:22,2026-07-13,18:18,ketharmad_osszes,133,199,145,0,0,12,True,True,True,147,False,324/11,Magyarország Alaptörvényének tizenhetedik módosítása
43,2026.07.13.18:19:08,2026-07-13,18:19,ketharmad_osszes,133,199,139,6,0,6,True,True,True,141,False,324/14,Magyarország Alaptörvényének tizenhetedik módosítása
43,2026.07.14.11:00:34,2026-07-14,11:00,egyszeru,95,189,53,136,0,-42,False,False,False,58,False,273/2,Az egyes adókötelezettségekről és egyes adótörvények módosításáról szóló 2025. évi LIV. törvény módosításáról
43,2026.07.14.11:01:11,2026-07-14,11:01,egyszeru,95,189,136,0,53,41,True,True,False,141,False,273/7,Az egyes adókötelezettségekről és egyes adótörvények módosításáról szóló 2025. évi LIV. törvény módosításáról
43,2026.07.14.11:01:52,2026-07-14,11:01,egyszeru,95,189,136,0,53,41,True,True,False,141,False,273/10,Az egyes adókötelezettségekről és egyes adótörvények módosításáról szóló 2025. évi LIV. törvény módosításáról
43,2026.07.14.11:03:03,2026-07-14,11:03,egyszeru,95,189,188,1,0,93,True,True,False,198,False,172/5,"A Magyar Köztársaság Kormánya és a Szlovák Köztársaság Kormánya között a közös államhatárt keresztező szénhidrogén szállító vezetékek építésével, üzemeltetésével, fenntartásával, rekonstrukciójával és üzemzavar-elhárításával kapcsolatos együttműködésről szóló Megállapodás módosításáról szóló Jegyzőkönyv kihirdetéséről"
43,2026.07.14.11:03:37,2026-07-14,11:03,egyszeru,95,189,189,0,0,94,True,True,False,199,False,172/7,"A Magyar Köztársaság Kormánya és a Szlovák Köztársaság Kormánya között a közös államhatárt keresztező szénhidrogén szállító vezetékek építésével, üzemeltetésével, fenntartásával, rekonstrukciójával és üzemzavar-elhárításával kapcsolatos együttműködésről szóló Megállapodás módosításáról szóló Jegyzőkönyv kihirdetéséről"
43,2026.07.14.11:04:40,2026-07-14,11:04,egyszeru,95,189,53,136,0,-42,False,False,False,58,False,272/2,A kötelező egészségbiztosítás ellátásairól szóló 1997. évi LXXXIII. törvény módosításáról
43,2026.07.14.11:05:16,2026-07-14,11:05,egyszeru,95,189,187,0,2,92,True,True,False,197,False,272/8,A kötelező egészségbiztosítás ellátásairól szóló 1997. évi LXXXIII. törvény módosításáról
43,2026.07.14.11:05:51,2026-07-14,11:05,egyszeru,95,189,143,0,46,48,True,True,False,148,False,272/10,A kötelező egészségbiztosítás ellátásairól szóló 1997. évi LXXXIII. törvény módosításáról
43,2026.07.20.15:08:02,2026-07-20,15:08,abszolut,100,199,181,0,0,81,True,True,True,198,False,T/385,Egyes törvényeknek az iskolakezdési támogatás bevezetésével összefüggő módosításáról
43,2026.07.20.15:09:47,2026-07-20,15:09,abszolut,100,199,135,43,6,35,True,True,True,141,False,H/394,"A Közszolgálati Közalapítvány alapító okirata visszavonásáról, valamint a Független Közmédia Testület alapító okiratának elfogadásáról, induló vagyona megállapításáról"
43,2026.07.20.15:13:11,2026-07-20,15:13,ketharmad_jelenlevo,125,187,141,39,0,16,True,True,True,147,False,T/387,"A Helyreállítási és Ellenállóképességi Terv, egyes kormányprogrampontok és kormányhatározat végrehajtása érdekében szükséges adóintézkedésekről, valamint egyéb törvények módosításáról"
43,2026.07.20.15:16:05,2026-07-20,15:16,egyszeru,93,185,140,0,2,47,True,True,False,146,False,S/386,Az Országgyűlés elnökének feladatait ellátó alelnök kijelöléséről
43,2026.07.20.15:18:37,2026-07-20,15:18,egyszeru,94,187,183,0,1,89,True,True,False,197,False,S/403,"Az Országgyűlés bizottságainak létrehozásáról, tagjainak és tisztségviselőinek megválasztásáról szóló 17/2026. (V. 9.) OGY határozat módosításáról"
43,2026.07.20.15:47:22,2026-07-20,15:47,egyszeru,92,183,164,8,0,72,True,True,False,190,False,I/373,"Hajlandók-e a kötelező oltásokat uniós mintára választhatóvá tenni, miután Európa országainak többségében sincs egyetlen kötelező oltás sem?"
43,2026.07.20.15:59:59,2026-07-20,15:59,egyszeru,92,182,116,44,0,24,True,True,False,141,False,I/376,Mikor szólal meg végre?
43,2026.07.20.16:09:34,2026-07-20,16:09,egyszeru,92,182,126,48,0,34,True,True,False,142,False,I/308,"Mi lesz a jövője a megkezdett egyházi beruházásoknak, programoknak?"
43,2026.07.20.16:18:54,2026-07-20,16:18,egyszeru,92,182,125,46,1,33,True,True,False,141,False,I/374,Mikor és hogyan lesz működőképes kutatás-fejlesztési és innovációs ökoszisztéma Magyarországon?
43,2026.07.21.12:50:31,2026-07-21,12:50,egyszeru,92,182,180,0,0,88,True,True,False,198,False,385/3,Egyes törvényeknek az iskolakezdési támogatás bevezetésével összefüggő módosításáról
43,2026.07.21.12:51:15,2026-07-21,12:51,egyszeru,92,182,180,0,0,88,True,True,False,198,False,T/385,Egyes törvényeknek az iskolakezdési támogatás bevezetésével összefüggő módosításáról
43,2026.07.21.14:04:57,2026-07-21,14:04,ketharmad_jelenlevo,113,169,140,26,0,27,True,True,True,147,False,394/2,"A Közszolgálati Közalapítvány alapító okirata visszavonásáról, valamint a Független Közmédia Testület alapító okiratának elfogadásáról, induló vagyona megállapításáról"
43,2026.07.21.14:05:54,2026-07-21,14:05,ketharmad_jelenlevo,113,169,139,26,1,26,True,True,True,146,False,H/394,"A Közszolgálati Közalapítvány alapító okirata visszavonásáról, valamint a Független Közmédia Testület alapító okiratának elfogadásáról, induló vagyona megállapításáról"
43,2026.07.21.14:07:03,2026-07-21,14:07,egyszeru,85,169,134,25,7,49,True,True,False,141,False,304/6,"A közösségi közlekedés versenyképességének és hatékonyságának javításával összefüggő intézkedések, valamint az országos közlekedésszervező és az országos gördülőállomány-kezelő társaság létrehozása érdekében szükséges törvénymódosításokról"
43,2026.07.21.14:08:29,2026-07-21,14:08,egyszeru,85,169,134,1,31,49,True,True,False,141,False,T/304,"A közösségi közlekedés versenyképességének és hatékonyságának javításával összefüggő intézkedések, valamint az országos közlekedésszervező és az országos gördülőállomány-kezelő társaság létrehozása érdekében szükséges törvénymódosításokról"
43,2026.07.27.15:07:00,2026-07-27,15:07,ketharmad_osszes,133,199,138,6,0,5,True,True,True,,,S/419,Az Alkotmánybíróság új tagjának megválasztásáról (Dr. Sonnevend Pál)
43,2026.07.27.16:07:38,2026-07-27,16:07,egyszeru,72,142,134,6,0,62,True,True,False,141,False,I/408,Mit tesznek a civilizációs betegségek megelőzése és visszaszorítása érdekében?
43,2026.07.27.16:26:01,2026-07-27,16:26,egyszeru,71,140,133,7,0,62,True,True,False,141,False,I/416,Meddig működhet törvénytelenül az MNB Felügyelőbizottsága?
43,2026.07.28.10:26:23,2026-07-28,10:26,egyszeru,96,190,137,47,6,41,True,True,False,141,False,304/11,"A közösségi közlekedés versenyképességének és hatékonyságának javításával összefüggő intézkedések, valamint az országos közlekedésszervező és az országos gördülőállomány-kezelő társaság létrehozása érdekében szükséges törvénymódosításokról"
43,2026.07.28.10:27:11,2026-07-28,10:27,egyszeru,96,190,137,46,7,41,True,True,False,141,False,304/8,"A közösségi közlekedés versenyképességének és hatékonyságának javításával összefüggő intézkedések, valamint az országos közlekedésszervező és az országos gördülőállomány-kezelő társaság létrehozása érdekében szükséges törvénymódosításokról"
43,2026.07.28.10:28:08,2026-07-28,10:28,egyszeru,96,190,190,0,0,94,True,True,False,198,False,303/6,A mezőgazdasági termelést érintő időjárási és más természeti kockázatok kezeléséről szóló 2011. évi CLXVIII. törvény módosításáról
43,2026.07.28.10:28:39,2026-07-28,10:28,egyszeru,96,190,190,0,0,94,True,True,False,198,False,303/8,A mezőgazdasági termelést érintő időjárási és más természeti kockázatok kezeléséről szóló 2011. évi CLXVIII. törvény módosításáról
43,2026.07.28.10:29:38,2026-07-28,10:29,egyszeru,96,190,53,137,0,-43,False,False,False,57,False,357/4,A Nemzeti Vagyonvisszaszerzési és Vagyonvédelmi Hivatalról
43,2026.07.28.10:30:10,2026-07-28,10:30,egyszeru,96,190,53,137,0,-43,False,False,False,57,False,357/5,A Nemzeti Vagyonvisszaszerzési és Vagyonvédelmi Hivatalról
43,2026.07.28.10:30:57,2026-07-28,10:30,ketharmad_jelenlevo,127,190,144,46,0,17,True,True,True,148,False,357/10,A Nemzeti Vagyonvisszaszerzési és Vagyonvédelmi Hivatalról
43,2026.07.28.10:31:29,2026-07-28,10:31,egyszeru,96,190,143,47,0,47,True,True,False,147,False,357/10,A Nemzeti Vagyonvisszaszerzési és Vagyonvédelmi Hivatalról
43,2026.07.28.10:32:16,2026-07-28,10:32,ketharmad_jelenlevo,127,190,143,47,0,16,True,True,True,147,False,357/12,A Nemzeti Vagyonvisszaszerzési és Vagyonvédelmi Hivatalról
43,2026.07.28.10:32:47,2026-07-28,10:32,egyszeru,96,190,143,46,0,47,True,True,False,147,False,357/12,A Nemzeti Vagyonvisszaszerzési és Vagyonvédelmi Hivatalról
43,2026.07.28.10:34:04,2026-07-28,10:34,egyszeru,96,190,137,38,15,41,True,True,False,141,False,359/5,Magyarország Helyreállítási és Ellenállóképességi Tervében szereplő energetikai tárgyú vállalások teljesítéséhez szükséges törvények módosításáról
43,2026.07.28.10:34:35,2026-07-28,10:34,egyszeru,96,190,137,38,14,41,True,True,False,141,False,359/7,Magyarország Helyreállítási és Ellenállóképességi Tervében szereplő energetikai tárgyú vállalások teljesítéséhez szükséges törvények módosításáról
43,2026.07.28.10:35:33,2026-07-28,10:35,egyszeru,96,190,137,23,30,41,True,True,False,141,False,387/7,"A Helyreállítási és Ellenállóképességi Terv, egyes kormányprogrampontok és kormányhatározat végrehajtása érdekében szükséges adóintézkedésekről, valamint egyéb törvények módosításáról"
43,2026.07.28.10:36:22,2026-07-28,10:36,ketharmad_jelenlevo,127,190,137,41,11,10,True,True,True,141,False,387/9,"A Helyreállítási és Ellenállóképességi Terv, egyes kormányprogrampontok és kormányhatározat végrehajtása érdekében szükséges adóintézkedésekről, valamint egyéb törvények módosításáról"
43,2026.07.28.10:36:58,2026-07-28,10:36,egyszeru,96,190,137,39,14,41,True,True,False,141,False,387/9,"A Helyreállítási és Ellenállóképességi Terv, egyes kormányprogrampontok és kormányhatározat végrehajtása érdekében szükséges adóintézkedésekről, valamint egyéb törvények módosításáról"
43,2026.07.28.10:38:09,2026-07-28,10:38,ketharmad_jelenlevo,127,190,143,46,1,16,True,True,True,147,False,T/305,A kriptoeszköz-átváltási szolgáltatást érintő egyes törvényi rendelkezések hatályon kívül helyezéséről
43,2026.07.28.10:38:43,2026-07-28,10:38,egyszeru,96,190,143,46,1,47,True,True,False,147,False,T/305,A kriptoeszköz-átváltási szolgáltatást érintő egyes törvényi rendelkezések hatályon kívül helyezéséről
43,2026.08.10.15:27:01,2026-08-10,15:27,egyszeru,94,187,184,0,0,90,True,True,False,197,False,,
43,2026.08.10.15:27:32,2026-08-10,15:27,egyszeru,95,188,177,0,4,82,True,True,False,193,False,,
43,2026.08.10.15:36:43,2026-08-10,15:36,negyotod_jelenlevo,151,188,181,0,0,30,True,True,True,199,False,T/465,Az általános forgalmi adóról szóló 2007. évi CXXVII. törvény módosításáról
43,2026.08.10.15:40:24,2026-08-10,15:40,egyszeru,95,188,186,0,0,91,True,True,False,199,False,S/484,"Az Országgyűlés bizottságainak létrehozásáról, tagjainak és tisztségviselőinek megválasztásáról szóló 17/2026. (V. 9.) OGY határozat módosításáról"
43,2026.08.10.16:10:12,2026-08-10,16:10,egyszeru,92,182,126,49,1,34,True,True,False,140,False,I/472,Kinek az érdekében hagyják elszállni az üzemanyagárakat?
43,2026.08.10.16:18:16,2026-08-10,16:18,egyszeru,91,181,126,50,0,35,True,True,False,141,False,I/406,Mikor kaphatnak iskolakezdési támogatást a sokgyermekes családok?
43,2026.08.10.16:28:44,2026-08-10,16:28,egyszeru,92,183,129,47,1,37,True,True,False,141,False,I/448,"Miért szüntették meg köztévé egyik legnépszerűbb műsorát, a Hazajárót?"
43,2026.08.10.16:55:59,2026-08-10,16:55,egyszeru,90,179,128,47,0,38,True,True,False,141,False,I/407,Tatárjárás a közmédiában? Ön egyetért a Hazajáró megszüntetésével?
43,2026.08.10.17:05:42,2026-08-10,17:05,egyszeru,89,177,126,43,1,37,True,True,False,141,False,I/471,Miért nem foglalkoznak a hivatásos járművezetők problémáival?
43,2026.08.11.09:42:02,2026-08-11,09:42,egyszeru,95,189,181,0,5,86,True,True,False,193,False,339/5,Egyes egészségügyi adatkezelést érintő törvények módosításáról
43,2026.08.11.09:42:47,2026-08-11,09:42,egyszeru,95,189,182,0,5,87,True,True,False,193,False,339/7,Egyes egészségügyi adatkezelést érintő törvények módosításáról
43,2026.08.11.09:43:49,2026-08-11,09:43,egyszeru,95,189,47,140,0,-48,False,False,False,58,False,340/7,A közneveléssel kapcsolatos egyes törvények módosításáról
43,2026.08.11.09:44:27,2026-08-11,09:44,egyszeru,95,189,145,1,41,50,True,True,False,147,False,340/12,A közneveléssel kapcsolatos egyes törvények módosításáról
43,2026.08.11.09:45:02,2026-08-11,09:45,egyszeru,96,190,145,1,41,49,True,True,False,147,False,340/15,A közneveléssel kapcsolatos egyes törvények módosításáról
43,2026.08.11.09:45:56,2026-08-11,09:45,egyszeru,96,190,145,44,0,49,True,True,False,147,False,T/366,A veszélyhelyzet megszűnésével összefüggő átmeneti szabályokról és a járványügyi készültségről szóló 2020. évi LVIII. törvény módosításáról
43,2026.08.11.09:46:57,2026-08-11,09:46,ketharmad_jelenlevo,127,190,140,48,1,13,True,True,True,141,False,371/4,A közpénzügyi reformokkal összefüggésben egyes államháztartási szabályok módosításáról
43,2026.08.11.09:47:32,2026-08-11,09:47,egyszeru,96,190,140,49,0,44,True,True,False,141,False,371/4,A közpénzügyi reformokkal összefüggésben egyes államháztartási szabályok módosításáról
43,2026.08.11.09:48:24,2026-08-11,09:48,ketharmad_jelenlevo,127,190,140,44,5,13,True,True,True,141,False,371/6,A közpénzügyi reformokkal összefüggésben egyes államháztartási szabályok módosításáról
43,2026.08.11.09:48:58,2026-08-11,09:48,egyszeru,96,190,140,44,5,44,True,True,False,141,False,371/6,A közpénzügyi reformokkal összefüggésben egyes államháztartási szabályok módosításáról
43,2026.08.11.09:49:49,2026-08-11,09:49,egyszeru,96,190,189,0,0,93,True,True,False,199,False,372/3,A Magyarország 2026. évi központi költségvetéséről szóló 2025. évi LXIX. törvény módosításáról
43,2026.08.11.09:50:22,2026-08-11,09:50,egyszeru,96,190,190,0,0,94,True,True,False,199,False,372/5,A Magyarország 2026. évi központi költségvetéséről szóló 2025. évi LXIX. törvény módosításáról
43,2026.08.11.09:51:26,2026-08-11,09:51,ketharmad_jelenlevo,127,190,146,44,0,19,True,True,True,147,False,341/4,Egyes törvényeknek a rendészeti feladatellátás racionalizálásával összefüggő módosításáról
43,2026.08.11.09:52:03,2026-08-11,09:52,egyszeru,96,190,146,44,0,50,True,True,False,147,False,341/4,Egyes törvényeknek a rendészeti feladatellátás racionalizálásával összefüggő módosításáról
43,2026.08.11.09:52:55,2026-08-11,09:52,ketharmad_jelenlevo,127,190,140,44,6,13,True,True,True,141,False,341/6,Egyes törvényeknek a rendészeti feladatellátás racionalizálásával összefüggő módosításáról
43,2026.08.11.09:53:29,2026-08-11,09:53,egyszeru,96,190,140,44,6,44,True,True,False,141,False,341/6,Egyes törvényeknek a rendészeti feladatellátás racionalizálásával összefüggő módosításáról
43,2026.08.11.09:54:19,2026-08-11,09:54,egyszeru,96,190,146,44,0,50,True,True,False,147,False,358/4,A központi költségvetés címrendjének a Nemzeti Vagyonvisszaszerzési és Vagyonvédelmi Hivatallal összefüggő módosításáról
43,2026.08.11.09:54:53,2026-08-11,09:54,egyszeru,96,190,146,44,0,50,True,True,False,147,False,358/6,A központi költségvetés címrendjének a Nemzeti Vagyonvisszaszerzési és Vagyonvédelmi Hivatallal összefüggő módosításáról
43,2026.08.11.09:55:45,2026-08-11,09:55,egyszeru,96,190,145,44,0,49,True,True,False,147,False,370/6,"A Magyar Agrár-, Élelmiszergazdasági és Vidékfejlesztési Kamaráról szóló 2012. évi CXXVI. törvény módosításáról"
43,2026.08.11.09:56:19,2026-08-11,09:56,egyszeru,96,190,146,44,0,50,True,True,False,147,False,370/8,"A Magyar Agrár-, Élelmiszergazdasági és Vidékfejlesztési Kamaráról szóló 2012. évi CXXVI. törvény módosításáról"
43,2026.08.11.09:58:18,2026-08-11,09:58,egyszeru,96,190,146,0,44,50,True,True,False,147,False,S/475,Dr. Nagy Gábor Bálint legfőbb ügyész lemondási idejéről
43,2026.08.11.10:07:34,2026-08-11,10:07,ketharmad_jelenlevo,127,190,190,0,0,63,True,True,True,199,False,H/451,Varga Lőrinc Mihály országgyűlési képviselő mentelmi ügyében
43,2026.08.11.10:12:19,2026-08-11,10:12,ketharmad_jelenlevo,127,190,6,148,14,-121,False,False,True,6,False,H/452,Takács Péter országgyűlési képviselő mentelmi ügyében
43,2026.08.11.10:21:08,2026-08-11,10:21,ketharmad_jelenlevo,127,190,8,164,7,-119,False,False,True,8,False,H/453,Toroczkai László országgyűlési képviselő mentelmi ügyében
43,2026.08.11.10:22:22,2026-08-11,10:22,ketharmad_jelenlevo,127,190,7,161,14,-120,False,False,True,7,False,H/454,Toroczkai László országgyűlési képviselő mentelmi ügyében
43,2026.08.11.11:58:41,2026-08-11,11:58,ketharmad_jelenlevo,121,181,178,0,0,57,True,True,True,199,False,T/465,Az általános forgalmi adóról szóló 2007. évi CXXVII. törvény módosításáról
43,2026.08.11.14:05:37,2026-08-11,14:05,egyszeru,74,146,140,0,5,66,True,True,False,141,False,S/483,Ajánlóív a 2026. évi köztársaságielnök-választáshoz (Dr. Tóth Máté)
43,2026.08.11.14:13:00,2026-08-11,14:13,ketharmad_osszes,133,199,140,6,0,7,True,True,True,,,S/482,Ajánlóív a 2026. évi köztársaságielnök-választáshoz (Dr. Baka András)
